id,character
0,一
1,六
2,八
3,五
4,六
5,三
6,十
7,百
8,十
9,八
10,八
11,八
12,千
13,七
14,八
15,五
16,万
17,百
18,万
19,一
20,九
21,一
22,亿
23,一
24,亿
25,二
26,四
27,九
28,二
29,十
30,六
31,万
32,二
33,三
34,亿
35,十
36,一
37,九
38,三
39,零
40,一
41,三
42,三
43,亿
44,二
45,九
46,百
47,五
48,六
49,千
50,千
51,三
52,四
53,零
54,十
55,四
56,八
57,千
58,百
59,百
60,一
61,一
62,三
63,二
64,零
65,百
66,九
67,八
68,三
69,六
70,六
71,百
72,九
73,零
74,六
75,六
76,七
77,四
78,五
79,十
80,五
81,百
82,四
83,六
84,七
85,七
86,八
87,千
88,千
89,万
90,九
91,千
92,一
93,零
94,六
95,百
96,万
97,三
98,万
99,一
100,万
101,三
102,二
103,万
104,四
105,千
106,四
107,千
108,万
109,九
110,千
111,三
112,百
113,零
114,六
115,零
116,万
117,二
118,一
119,三
120,七
121,八
122,三
123,零
124,亿
125,六
126,万
127,百
128,千
129,百
130,四
131,三
132,一
133,一
134,一
135,零
136,一
137,五
138,八
139,四
140,十
141,三
142,九
143,六
144,四
145,七
146,八
147,四
148,千
149,七
150,七
151,五
152,二
153,九
154,五
155,五
156,一
157,四
158,百
159,九
160,亿
161,三
162,五
163,零
164,五
165,零
166,二
167,零
168,二
169,一
170,五
171,一
172,六
173,十
174,九
175,千
176,百
177,十
178,二
179,四
180,三
181,二
182,百
183,八
184,千
185,三
186,百
187,二
188,一
189,四
190,七
191,七
192,九
193,零
194,六
195,七
196,百
197,万
198,二
199,一
200,百
201,一
202,千
203,六
204,七
205,五
206,七
207,五
208,一
209,千
210,万
211,九
212,六
213,千
214,千
215,零
216,千
217,千
218,一
219,三
220,八
221,八
222,百
223,五
224,九
225,十
226,二
227,二
228,千
229,八
230,百
231,二
232,九
233,亿
234,六
235,九
236,千
237,九
238,八
239,千
240,五
241,七
242,二
243,零
244,九
245,万
246,百
247,一
248,十
249,亿
250,亿
251,八
252,零
253,十
254,七
255,十
256,二
257,零
258,三
259,六
260,四
261,十
262,九
263,十
264,八
265,千
266,七
267,四
268,亿
269,六
270,四
271,一
272,二
273,零
274,零
275,六
276,四
277,百
278,八
279,五
280,五
281,百
282,一
283,十
284,十
285,六
286,零
287,八
288,百
289,五
290,千
291,千
292,十
293,六
294,千
295,千
296,二
297,六
298,八
299,五
300,万
301,三
302,六
303,亿
304,五
305,六
306,六
307,八
308,七
309,一
310,二
311,一
312,七
313,千
314,二
315,三
316,十
317,四
318,百
319,一
320,六
321,三
322,十
323,一
324,七
325,六
326,亿
327,千
328,二
329,亿
330,五
331,八
332,十
333,百
334,一
335,万
336,七
337,三
338,亿
339,百
340,万
341,亿
342,六
343,二
344,七
345,千
346,五
347,二
348,五
349,十
350,一
351,七
352,一
353,十
354,七
355,十
356,四
357,八
358,八
359,亿
360,零
361,三
362,五
363,零
364,七
365,二
366,万
367,零
368,四
369,百
370,八
371,一
372,万
373,八
374,零
375,一
376,六
377,二
378,九
379,千
380,四
381,百
382,九
383,九
384,万
385,五
386,亿
387,二
388,三
389,十
390,九
391,三
392,亿
393,万
394,一
395,九
396,八
397,十
398,二
399,三
400,二
401,万
402,百
403,五
404,一
405,七
406,三
407,八
408,千
409,零
410,十
411,千
412,万
413,七
414,二
415,十
416,二
417,七
418,百
419,零
420,三
421,零
422,六
423,六
424,十
425,万
426,零
427,十
428,百
429,二
430,零
431,四
432,百
433,千
434,一
435,百
436,百
437,千
438,七
439,十
440,七
441,万
442,百
443,四
444,亿
445,九
446,零
447,百
448,百
449,五
450,九
451,亿
452,六
453,四
454,三
455,十
456,亿
457,九
458,零
459,二
460,八
461,四
462,三
463,亿
464,五
465,零
466,五
467,百
468,百
469,千
470,七
471,九
472,九
473,亿
474,百
475,千
476,三
477,零
478,一
479,零
480,一
481,百
482,八
483,六
484,一
485,八
486,九
487,十
488,二
489,七
490,八
491,万
492,亿
493,二
494,亿
495,九
496,万
497,一
498,百
499,万
500,四
501,二
502,千
503,二
504,九
505,二
506,百
507,二
508,七
509,四
510,十
511,万
512,二
513,七
514,二
515,七
516,一
517,四
518,八
519,二
520,五
521,零
522,十
523,四
524,零
525,百
526,亿
527,九
528,零
529,七
530,三
531,二
532,零
533,二
534,九
535,八
536,十
537,八
538,十
539,千
540,一
541,九
542,万
543,零
544,十
545,一
546,一
547,亿
548,千
549,零
550,四
551,一
552,万
553,百
554,三
555,三
556,六
557,百
558,七
559,零
560,万
561,十
562,零
563,万
564,七
565,五
566,六
567,零
568,七
569,五
570,二
571,千
572,百
573,零
574,二
575,九
576,万
577,千
578,十
579,三
580,千
581,九
582,二
583,四
584,二
585,九
586,零
587,二
588,三
589,三
590,十
591,一
592,零
593,零
594,五
595,百
596,九
597,千
598,九
599,百
600,二
601,一
602,七
603,亿
604,三
605,九
606,十
607,五
608,九
609,三
610,亿
611,九
612,四
613,九
614,六
615,百
616,亿
617,千
618,六
619,千
620,七
621,万
622,五
623,亿
624,一
625,千
626,零
627,八
628,一
629,千
630,十
631,三
632,三
633,零
634,九
635,九
636,二
637,六
638,零
639,一
640,零
641,二
642,四
643,十
644,七
645,二
646,亿
647,亿
648,百
649,万
650,九
651,四
652,一
653,九
654,八
655,百
656,十
657,九
658,万
659,四
660,七
661,十
662,七
663,零
664,百
665,五
666,亿
667,一
668,五
669,一
670,七
671,亿
672,五
673,百
674,六
675,九
676,二
677,十
678,十
679,二
680,七
681,四
682,亿
683,十
684,亿
685,三
686,零
687,万
688,八
689,百
690,万
691,六
692,一
693,十
694,一
695,十
696,一
697,零
698,一
699,万
700,一
701,五
702,万
703,三
704,三
705,一
706,八
707,千
708,四
709,二
710,万
711,二
712,亿
713,七
714,七
715,一
716,五
717,三
718,百
719,零
720,九
721,七
722,三
723,九
724,百
725,千
726,八
727,八
728,六
729,二
730,二
731,二
732,八
733,百
734,四
735,六
736,百
737,千
738,十
739,六
740,一
741,八
742,千
743,八
744,十
745,三
746,七
747,五
748,三
749,万
750,三
751,七
752,百
753,二
754,六
755,一
756,一
757,七
758,八
759,十
760,万
761,五
762,三
763,十
764,千
765,一
766,六
767,亿
768,八
769,三
770,五
771,八
772,六
773,亿
774,亿
775,九
776,三
777,零
778,百
779,四
780,亿
781,四
782,三
783,十
784,三
785,千
786,亿
787,千
788,零
789,一
790,三
791,千
792,一
793,千
794,二
795,万
796,九
797,百
798,亿
799,三
800,五
801,六
802,十
803,六
804,七
805,七
806,四
807,千
808,十
809,十
810,百
811,十
812,一
813,亿
814,六
815,百
816,八
817,九
818,三
819,零
820,亿
821,千
822,五
823,亿
824,三
825,八
826,六
827,千
828,百
829,七
830,五
831,一
832,百
833,八
834,四
835,百
836,十
837,二
838,万
839,五
840,零
841,零
842,零
843,三
844,万
845,四
846,九
847,千
848,亿
849,七
850,八
851,三
852,七
853,千
854,五
855,亿
856,七
857,十
858,六
859,六
860,百
861,三
862,三
863,四
864,十
865,四
866,一
867,万
868,四
869,零
870,一
871,九
872,一
873,九
874,十
875,四
876,四
877,零
878,八
879,亿
880,十
881,八
882,二
883,八
884,八
885,三
886,五
887,四
888,三
889,万
890,万
891,千
892,一
893,百
894,四
895,千
896,亿
897,二
898,九
899,零
900,五
901,一
902,五
903,六
904,八
905,九
906,八
907,六
908,九
909,四
910,亿
911,十
912,四
913,三
914,五
915,万
916,万
917,千
918,五
919,二
920,七
921,六
922,一
923,四
924,一
925,五
926,零
927,五
928,一
929,五
930,十
931,千
932,五
933,千
934,九
935,百
936,千
937,十
938,亿
939,万
940,百
941,百
942,四
943,七
944,四
945,八
946,万
947,九
948,六
949,六
950,二
951,一
952,七
953,十
954,一
955,三
956,四
957,亿
958,九
959,百
960,千
961,六
962,七
963,三
964,三
965,百
966,四
967,百
968,三
969,八
970,一
971,六
972,一
973,亿
974,十
975,二
976,九
977,三
978,零
979,九
980,百
981,二
982,百
983,三
984,万
985,百
986,七
987,三
988,五
989,零
990,十
991,十
992,四
993,二
994,六
995,三
996,百
997,万
998,四
999,七
1000,七
1001,亿
1002,千
1003,零
1004,六
1005,七
1006,万
1007,五
1008,二
1009,百
1010,五
1011,二
1012,五
1013,六
1014,三
1015,万
1016,三
1017,千
1018,零
1019,零
1020,千
1021,三
1022,六
1023,十
1024,九
1025,二
1026,千
1027,六
1028,一
1029,万
1030,五
1031,九
1032,亿
1033,一
1034,万
1035,万
1036,四
1037,零
1038,万
1039,九
1040,亿
1041,六
1042,六
1043,六
1044,一
1045,十
1046,五
1047,八
1048,四
1049,五
1050,零
1051,百
1052,百
1053,千
1054,八
1055,零
1056,四
1057,九
1058,四
1059,亿
1060,零
1061,三
1062,三
1063,二
1064,四
1065,四
1066,二
1067,百
1068,二
1069,万
1070,千
1071,五
1072,亿
1073,三
1074,五
1075,一
1076,万
1077,二
1078,四
1079,十
1080,五
1081,亿
1082,零
1083,零
1084,万
1085,十
1086,四
1087,零
1088,六
1089,十
1090,千
1091,零
1092,三
1093,万
1094,九
1095,九
1096,十
1097,一
1098,万
1099,一
1100,八
1101,四
1102,九
1103,四
1104,亿
1105,五
1106,万
1107,十
1108,九
1109,一
1110,三
1111,四
1112,亿
1113,五
1114,三
1115,亿
1116,一
1117,七
1118,零
1119,十
1120,四
1121,五
1122,零
1123,零
1124,九
1125,三
1126,九
1127,五
1128,四
1129,九
1130,一
1131,九
1132,五
1133,五
1134,亿
1135,千
1136,五
1137,二
1138,百
1139,四
1140,五
1141,百
1142,万
1143,五
1144,三
1145,六
1146,万
1147,零
1148,四
1149,零
1150,三
1151,十
1152,三
1153,三
1154,二
1155,九
1156,零
1157,一
1158,七
1159,亿
1160,九
1161,百
1162,一
1163,七
1164,四
1165,三
1166,一
1167,四
1168,十
1169,九
1170,五
1171,万
1172,二
1173,九
1174,二
1175,十
1176,零
1177,三
1178,八
1179,万
1180,九
1181,十
1182,九
1183,万
1184,零
1185,百
1186,百
1187,七
1188,亿
1189,十
1190,五
1191,四
1192,三
1193,二
1194,八
1195,千
1196,千
1197,百
1198,七
1199,万
1200,百
1201,百
1202,千
1203,四
1204,万
1205,六
1206,七
1207,四
1208,百
1209,百
1210,六
1211,零
1212,八
1213,七
1214,八
1215,三
1216,万
1217,九
1218,二
1219,亿
1220,七
1221,零
1222,二
1223,万
1224,万
1225,四
1226,八
1227,三
1228,一
1229,九
1230,四
1231,七
1232,一
1233,九
1234,九
1235,五
1236,百
1237,三
1238,五
1239,百
1240,零
1241,三
1242,四
1243,一
1244,三
1245,四
1246,七
1247,六
1248,六
1249,三
1250,三
1251,五
1252,零
1253,四
1254,四
1255,亿
1256,三
1257,万
1258,十
1259,八
1260,四
1261,一
1262,十
1263,零
1264,万
1265,六
1266,九
1267,四
1268,千
1269,八
1270,二
1271,零
1272,二
1273,一
1274,六
1275,四
1276,四
1277,一
1278,零
1279,七
1280,五
1281,六
1282,六
1283,七
1284,六
1285,七
1286,八
1287,四
1288,二
1289,百
1290,千
1291,百
1292,十
1293,千
1294,三
1295,六
1296,二
1297,零
1298,九
1299,亿
1300,一
1301,零
1302,万
1303,七
1304,九
1305,万
1306,二
1307,二
1308,三
1309,八
1310,亿
1311,十
1312,万
1313,亿
1314,八
1315,亿
1316,七
1317,八
1318,八
1319,九
1320,二
1321,万
1322,百
1323,零
1324,六
1325,九
1326,四
1327,五
1328,七
1329,七
1330,五
1331,十
1332,二
1333,九
1334,百
1335,六
1336,万
1337,十
1338,百
1339,零
1340,五
1341,一
1342,三
1343,千
1344,四
1345,六
1346,八
1347,百
1348,一
1349,六
1350,九
1351,万
1352,八
1353,千
1354,千
1355,一
1356,八
1357,千
1358,千
1359,六
1360,五
1361,八
1362,十
1363,一
1364,百
1365,五
1366,三
1367,七
1368,百
1369,三
1370,九
1371,十
1372,千
1373,九
1374,六
1375,四
1376,五
1377,千
1378,十
1379,二
1380,亿
1381,零
1382,万
1383,三
1384,千
1385,三
1386,七
1387,十
1388,五
1389,百
1390,四
1391,零
1392,一
1393,十
1394,万
1395,八
1396,九
1397,二
1398,零
1399,九
1400,千
1401,八
1402,百
1403,四
1404,亿
1405,四
1406,九
1407,零
1408,千
1409,三
1410,万
1411,四
1412,三
1413,百
1414,三
1415,二
1416,四
1417,十
1418,千
1419,六
1420,二
1421,零
1422,三
1423,四
1424,十
1425,十
1426,三
1427,九
1428,五
1429,三
1430,九
1431,千
1432,四
1433,一
1434,零
1435,七
1436,零
1437,五
1438,三
1439,万
1440,五
1441,零
1442,百
1443,千
1444,十
1445,七
1446,一
1447,七
1448,八
1449,零
1450,九
1451,千
1452,五
1453,一
1454,百
1455,十
1456,六
1457,三
1458,千
1459,四
1460,十
1461,六
1462,九
1463,亿
1464,五
1465,七
1466,六
1467,三
1468,八
1469,五
1470,百
1471,六
1472,百
1473,九
1474,五
1475,六
1476,九
1477,千
1478,零
1479,三
1480,一
1481,六
1482,万
1483,六
1484,四
1485,四
1486,千
1487,七
1488,亿
1489,零
1490,千
1491,百
1492,五
1493,零
1494,亿
1495,零
1496,千
1497,六
1498,千
1499,万
1500,千
1501,七
1502,五
1503,零
1504,一
1505,八
1506,九
1507,万
1508,零
1509,百
1510,七
1511,万
1512,二
1513,万
1514,千
1515,五
1516,零
1517,亿
1518,九
1519,三
1520,千
1521,三
1522,一
1523,亿
1524,千
1525,三
1526,亿
1527,十
1528,万
1529,六
1530,八
1531,百
1532,九
1533,四
1534,千
1535,千
1536,千
1537,三
1538,九
1539,百
1540,二
1541,万
1542,十
1543,六
1544,零
1545,零
1546,八
1547,六
1548,零
1549,七
1550,四
1551,九
1552,八
1553,七
1554,一
1555,四
1556,零
1557,八
1558,万
1559,亿
1560,二
1561,五
1562,二
1563,九
1564,十
1565,六
1566,零
1567,五
1568,万
1569,二
1570,百
1571,七
1572,零
1573,三
1574,四
1575,五
1576,零
1577,亿
1578,千
1579,十
1580,万
1581,十
1582,零
1583,零
1584,七
1585,四
1586,亿
1587,零
1588,八
1589,五
1590,万
1591,五
1592,千
1593,七
1594,千
1595,百
1596,四
1597,亿
1598,零
1599,四
1600,四
1601,五
1602,二
1603,万
1604,亿
1605,四
1606,亿
1607,二
1608,千
1609,三
1610,十
1611,亿
1612,四
1613,二
1614,百
1615,百
1616,九
1617,二
1618,七
1619,一
1620,五
1621,一
1622,零
1623,百
1624,亿
1625,亿
1626,四
1627,一
1628,四
1629,亿
1630,百
1631,二
1632,五
1633,三
1634,百
1635,三
1636,千
1637,零
1638,万
1639,十
1640,十
1641,万
1642,百
1643,二
1644,亿
1645,一
1646,七
1647,十
1648,一
1649,四
1650,九
1651,四
1652,三
1653,七
1654,百
1655,八
1656,二
1657,二
1658,三
1659,二
1660,十
1661,十
1662,千
1663,六
1664,六
1665,九
1666,五
1667,十
1668,六
1669,三
1670,亿
1671,十
1672,六
1673,零
1674,千
1675,千
1676,零
1677,二
1678,亿
1679,六
1680,四
1681,八
1682,千
1683,千
1684,八
1685,三
1686,九
1687,一
1688,十
1689,七
1690,十
1691,千
1692,十
1693,万
1694,千
1695,三
1696,六
1697,零
1698,零
1699,一
1700,四
1701,五
1702,三
1703,九
1704,十
1705,亿
1706,一
1707,零
1708,千
1709,五
1710,零
1711,二
1712,千
1713,九
1714,七
1715,一
1716,二
1717,九
1718,六
1719,百
1720,四
1721,十
1722,六
1723,亿
1724,四
1725,亿
1726,百
1727,五
1728,三
1729,六
1730,九
1731,二
1732,万
1733,五
1734,六
1735,二
1736,六
1737,零
1738,八
1739,七
1740,七
1741,三
1742,七
1743,九
1744,零
1745,八
1746,二
1747,九
1748,四
1749,四
1750,三
1751,九
1752,零
1753,八
1754,一
1755,七
1756,五
1757,十
1758,万
1759,千
1760,百
1761,二
1762,二
1763,百
1764,万
1765,八
1766,零
1767,百
1768,九
1769,零
1770,九
1771,三
1772,百
1773,五
1774,六
1775,六
1776,六
1777,亿
1778,百
1779,八
1780,五
1781,八
1782,万
1783,零
1784,九
1785,九
1786,二
1787,七
1788,万
1789,四
1790,三
1791,六
1792,亿
1793,二
1794,五
1795,二
1796,零
1797,二
1798,五
1799,七
1800,亿
1801,八
1802,八
1803,七
1804,七
1805,六
1806,零
1807,亿
1808,千
1809,一
1810,一
1811,十
1812,五
1813,千
1814,十
1815,十
1816,万
1817,六
1818,四
1819,五
1820,零
1821,零
1822,万
1823,八
1824,七
1825,亿
1826,亿
1827,三
1828,一
1829,七
1830,万
1831,十
1832,一
1833,五
1834,六
1835,三
1836,亿
1837,亿
1838,九
1839,八
1840,亿
1841,亿
1842,九
1843,九
1844,千
1845,百
1846,五
1847,四
1848,万
1849,零
1850,四
1851,一
1852,五
1853,九
1854,亿
1855,十
1856,八
1857,百
1858,六
1859,零
1860,百
1861,一
1862,三
1863,十
1864,三
1865,七
1866,亿
1867,九
1868,八
1869,零
1870,九
1871,八
1872,四
1873,百
1874,五
1875,百
1876,十
1877,九
1878,亿
1879,百
1880,五
1881,五
1882,万
1883,九
1884,八
1885,三
1886,二
1887,五
1888,亿
1889,一
1890,千
1891,千
1892,六
1893,十
1894,九
1895,一
1896,二
1897,六
1898,千
1899,四
1900,十
1901,万
1902,十
1903,二
1904,三
1905,七
1906,万
1907,百
1908,二
1909,千
1910,千
1911,八
1912,四
1913,八
1914,二
1915,零
1916,三
1917,十
1918,七
1919,四
1920,十
1921,万
1922,零
1923,亿
1924,千
1925,百
1926,十
1927,六
1928,五
1929,九
1930,五
1931,万
1932,九
1933,四
1934,百
1935,三
1936,六
1937,十
1938,万
1939,四
1940,千
1941,六
1942,千
1943,千
1944,零
1945,万
1946,十
1947,九
1948,九
1949,七
1950,零
1951,九
1952,零
1953,二
1954,十
1955,千
1956,百
1957,千
1958,二
1959,亿
1960,五
1961,九
1962,亿
1963,百
1964,八
1965,千
1966,十
1967,千
1968,十
1969,三
1970,亿
1971,万
1972,百
1973,二
1974,万
1975,九
1976,百
1977,亿
1978,九
1979,四
1980,四
1981,一
1982,零
1983,十
1984,九
1985,六
1986,三
1987,九
1988,十
1989,八
1990,二
1991,八
1992,九
1993,零
1994,七
1995,百
1996,零
1997,八
1998,零
1999,一
2000,六
2001,六
2002,一
2003,八
2004,零
2005,四
2006,八
2007,千
2008,二
2009,二
2010,十
2011,亿
2012,百
2013,亿
2014,三
2015,三
2016,二
2017,七
2018,二
2019,十
2020,五
2021,一
2022,百
2023,三
2024,百
2025,二
2026,九
2027,一
2028,四
2029,八
2030,九
2031,百
2032,一
2033,亿
2034,三
2035,五
2036,百
2037,四
2038,八
2039,百
2040,千
2041,七
2042,九
2043,六
2044,亿
2045,千
2046,四
2047,亿
2048,百
2049,十
2050,千
2051,七
2052,百
2053,零
2054,亿
2055,万
2056,二
2057,亿
2058,三
2059,五
2060,九
2061,三
2062,万
2063,十
2064,六
2065,十
2066,零
2067,亿
2068,九
2069,六
2070,九
2071,百
2072,三
2073,六
2074,零
2075,七
2076,九
2077,三
2078,百
2079,十
2080,零
2081,五
2082,十
2083,零
2084,零
2085,六
2086,七
2087,亿
2088,一
2089,七
2090,十
2091,四
2092,零
2093,三
2094,亿
2095,零
2096,千
2097,九
2098,千
2099,二
2100,百
2101,九
2102,二
2103,千
2104,五
2105,千
2106,一
2107,十
2108,九
2109,八
2110,二
2111,千
2112,百
2113,零
2114,零
2115,八
2116,百
2117,四
2118,千
2119,一
2120,一
2121,十
2122,四
2123,九
2124,五
2125,万
2126,四
2127,四
2128,亿
2129,三
2130,零
2131,六
2132,十
2133,九
2134,五
2135,七
2136,四
2137,亿
2138,二
2139,万
2140,六
2141,千
2142,五
2143,三
2144,亿
2145,二
2146,一
2147,十
2148,百
2149,零
2150,五
2151,八
2152,四
2153,九
2154,亿
2155,二
2156,零
2157,九
2158,百
2159,万
2160,百
2161,三
2162,百
2163,九
2164,六
2165,三
2166,三
2167,百
2168,九
2169,零
2170,四
2171,十
2172,零
2173,万
2174,六
2175,零
2176,十
2177,万
2178,七
2179,八
2180,一
2181,二
2182,一
2183,万
2184,万
2185,五
2186,百
2187,四
2188,八
2189,二
2190,一
2191,千
2192,八
2193,百
2194,四
2195,二
2196,三
2197,六
2198,二
2199,万
2200,亿
2201,五
2202,百
2203,零
2204,二
2205,二
2206,八
2207,亿
2208,八
2209,四
2210,四
2211,三
2212,万
2213,八
2214,一
2215,万
2216,八
2217,二
2218,四
2219,六
2220,八
2221,五
2222,一
2223,亿
2224,七
2225,千
2226,二
2227,零
2228,八
2229,十
2230,八
2231,二
2232,亿
2233,九
2234,十
2235,六
2236,零
2237,万
2238,三
2239,亿
2240,十
2241,二
2242,百
2243,千
2244,二
2245,二
2246,四
2247,八
2248,三
2249,八
2250,二
2251,四
2252,零
2253,零
2254,万
2255,六
2256,亿
2257,百
2258,九
2259,百
2260,六
2261,百
2262,万
2263,四
2264,四
2265,千
2266,万
2267,三
2268,十
2269,三
2270,四
2271,千
2272,九
2273,九
2274,一
2275,九
2276,一
2277,四
2278,二
2279,亿
2280,亿
2281,四
2282,七
2283,八
2284,二
2285,七
2286,零
2287,百
2288,四
2289,百
2290,亿
2291,七
2292,八
2293,二
2294,五
2295,五
2296,千
2297,一
2298,三
2299,七
2300,六
2301,万
2302,千
2303,三
2304,三
2305,九
2306,四
2307,一
2308,一
2309,零
2310,三
2311,九
2312,六
2313,四
2314,六
2315,二
2316,四
2317,三
2318,十
2319,九
2320,亿
2321,四
2322,五
2323,亿
2324,三
2325,四
2326,二
2327,八
2328,一
2329,二
2330,十
2331,六
2332,一
2333,十
2334,五
2335,五
2336,四
2337,八
2338,五
2339,千
2340,零
2341,二
2342,八
2343,零
2344,百
2345,二
2346,五
2347,五
2348,六
2349,四
2350,一
2351,零
2352,万
2353,百
2354,百
2355,零
2356,千
2357,亿
2358,万
2359,万
2360,五
2361,千
2362,七
2363,六
2364,亿
2365,六
2366,三
2367,万
2368,百
2369,三
2370,零
2371,千
2372,万
2373,三
2374,万
2375,七
2376,九
2377,七
2378,千
2379,三
2380,九
2381,七
2382,十
2383,六
2384,七
2385,百
2386,五
2387,亿
2388,六
2389,零
2390,千
2391,八
2392,七
2393,五
2394,零
2395,百
2396,二
2397,亿
2398,千
2399,三
2400,八
2401,百
2402,四
2403,十
2404,三
2405,二
2406,三
2407,零
2408,二
2409,五
2410,百
2411,百
2412,一
2413,九
2414,五
2415,四
2416,九
2417,八
2418,九
2419,一
2420,亿
2421,百
2422,五
2423,十
2424,四
2425,四
2426,百
2427,十
2428,万
2429,四
2430,五
2431,万
2432,九
2433,千
2434,五
2435,九
2436,五
2437,七
2438,二
2439,六
2440,九
2441,零
2442,零
2443,九
2444,三
2445,七
2446,八
2447,二
2448,五
2449,八
2450,零
2451,零
2452,三
2453,六
2454,二
2455,三
2456,千
2457,二
2458,三
2459,亿
2460,九
2461,七
2462,七
2463,零
2464,八
2465,九
2466,百
2467,八
2468,千
2469,一
2470,八
2471,八
2472,一
2473,千
2474,一
2475,三
2476,亿
2477,四
2478,千
2479,百
2480,十
2481,四
2482,一
2483,一
2484,三
2485,九
2486,千
2487,六
2488,三
2489,五
2490,亿
2491,一
2492,三
2493,十
2494,亿
2495,二
2496,十
2497,十
2498,八
2499,三
2500,九
2501,万
2502,五
2503,一
2504,一
2505,零
2506,二
2507,八
2508,千
2509,五
2510,三
2511,六
2512,七
2513,百
2514,二
2515,四
2516,亿
2517,万
2518,八
2519,四
2520,一
2521,七
2522,万
2523,亿
2524,五
2525,二
2526,七
2527,零
2528,九
2529,三
2530,七
2531,零
2532,六
2533,五
2534,七
2535,百
2536,八
2537,十
2538,百
2539,五
2540,四
2541,六
2542,七
2543,八
2544,五
2545,千
2546,三
2547,九
2548,亿
2549,七
2550,亿
2551,三
2552,九
2553,百
2554,七
2555,百
2556,百
2557,七
2558,二
2559,亿
2560,九
2561,八
2562,一
2563,六
2564,百
2565,五
2566,四
2567,亿
2568,二
2569,百
2570,百
2571,九
2572,六
2573,八
2574,一
2575,一
2576,三
2577,零
2578,七
2579,三
2580,零
2581,六
2582,四
2583,一
2584,百
2585,百
2586,千
2587,百
2588,亿
2589,六
2590,四
2591,二
2592,零
2593,零
2594,一
2595,百
2596,六
2597,百
2598,零
2599,十
2600,千
2601,十
2602,百
2603,十
2604,万
2605,四
2606,零
2607,六
2608,亿
2609,亿
2610,零
2611,万
2612,五
2613,千
2614,四
2615,三
2616,五
2617,百
2618,万
2619,六
2620,亿
2621,千
2622,八
2623,亿
2624,零
2625,万
2626,零
2627,七
2628,三
2629,十
2630,五
2631,一
2632,七
2633,二
2634,三
2635,五
2636,十
2637,九
2638,八
2639,千
2640,九
2641,五
2642,五
2643,零
2644,八
2645,三
2646,百
2647,万
2648,六
2649,四
2650,四
2651,五
2652,八
2653,二
2654,九
2655,三
2656,八
2657,三
2658,千
2659,零
2660,二
2661,亿
2662,万
2663,亿
2664,零
2665,十
2666,亿
2667,百
2668,二
2669,九
2670,三
2671,四
2672,十
2673,零
2674,七
2675,亿
2676,一
2677,千
2678,八
2679,万
2680,百
2681,十
2682,四
2683,三
2684,三
2685,百
2686,零
2687,三
2688,八
2689,亿
2690,一
2691,千
2692,三
2693,百
2694,亿
2695,万
2696,亿
2697,亿
2698,三
2699,零
2700,十
2701,百
2702,百
2703,一
2704,一
2705,二
2706,一
2707,七
2708,百
2709,五
2710,百
2711,亿
2712,二
2713,五
2714,百
2715,七
2716,七
2717,一
2718,九
2719,亿
2720,一
2721,三
2722,四
2723,四
2724,二
2725,二
2726,五
2727,百
2728,九
2729,千
2730,一
2731,千
2732,九
2733,八
2734,万
2735,万
2736,九
2737,一
2738,亿
2739,七
2740,零
2741,亿
2742,二
2743,九
2744,九
2745,四
2746,二
2747,八
2748,六
2749,二
2750,五
2751,亿
2752,八
2753,零
2754,七
2755,千
2756,三
2757,百
2758,三
2759,五
2760,六
2761,零
2762,千
2763,五
2764,四
2765,八
2766,七
2767,万
2768,四
2769,八
2770,九
2771,八
2772,三
2773,三
2774,十
2775,二
2776,三
2777,三
2778,五
2779,亿
2780,一
2781,七
2782,五
2783,零
2784,百
2785,六
2786,亿
2787,九
2788,五
2789,二
2790,八
2791,四
2792,一
2793,三
2794,六
2795,三
2796,千
2797,二
2798,零
2799,五
2800,千
2801,零
2802,四
2803,二
2804,四
2805,万
2806,二
2807,一
2808,三
2809,四
2810,千
2811,零
2812,十
2813,九
2814,千
2815,二
2816,六
2817,八
2818,九
2819,一
2820,五
2821,六
2822,十
2823,万
2824,零
2825,一
2826,二
2827,万
2828,六
2829,八
2830,六
2831,十
2832,百
2833,亿
2834,四
2835,零
2836,六
2837,千
2838,万
2839,零
2840,千
2841,十
2842,零
2843,万
2844,六
2845,万
2846,百
2847,四
2848,百
2849,亿
2850,二
2851,百
2852,百
2853,千
2854,八
2855,亿
2856,千
2857,七
2858,五
2859,万
2860,万
2861,千
2862,百
2863,千
2864,万
2865,四
2866,零
2867,零
2868,六
2869,四
2870,九
2871,七
2872,七
2873,零
2874,六
2875,零
2876,亿
2877,四
2878,亿
2879,五
2880,八
2881,百
2882,万
2883,零
2884,百
2885,五
2886,六
2887,九
2888,五
2889,十
2890,四
2891,二
2892,十
2893,百
2894,七
2895,亿
2896,千
2897,零
2898,二
2899,千
2900,百
2901,万
2902,十
2903,四
2904,四
2905,八
2906,千
2907,二
2908,六
2909,十
2910,亿
2911,四
2912,十
2913,千
2914,千
2915,百
2916,五
2917,四
2918,千
2919,一
2920,四
2921,八
2922,百
2923,亿
2924,一
2925,三
2926,四
2927,万
2928,十
2929,七
2930,三
2931,三
2932,五
2933,九
2934,六
2935,一
2936,十
2937,零
2938,四
2939,百
2940,十
2941,零
2942,九
2943,五
2944,二
2945,万
2946,七
2947,二
2948,七
2949,五
2950,六
2951,四
2952,零
2953,十
2954,七
2955,万
2956,二
2957,三
2958,零
2959,三
2960,零
2961,九
2962,百
2963,百
2964,十
2965,亿
2966,六
2967,九
2968,百
2969,零
2970,二
2971,百
2972,三
2973,千
2974,三
2975,六
2976,十
2977,四
2978,三
2979,千
2980,千
2981,八
2982,八
2983,七
2984,五
2985,十
2986,四
2987,二
2988,三
2989,一
2990,四
2991,亿
2992,零
2993,一
2994,万
2995,三
2996,四
2997,零
2998,四
2999,百
