id,character
0,四
1,十
2,一
3,万
4,四
5,千
6,五
7,五
8,七
9,八
10,千
11,三
12,三
13,六
14,千
15,二
16,三
17,九
18,零
19,零
20,百
21,十
22,五
23,千
24,七
25,二
26,百
27,十
28,四
29,一
30,万
31,百
32,三
33,百
34,三
35,三
36,万
37,三
38,千
39,三
40,八
41,亿
42,五
43,一
44,七
45,六
46,零
47,五
48,万
49,千
50,六
51,八
52,亿
53,亿
54,二
55,五
56,六
57,八
58,亿
59,万
60,千
61,八
62,六
63,万
64,五
65,四
66,七
67,六
68,千
69,百
70,九
71,十
72,五
73,千
74,百
75,千
76,百
77,十
78,九
79,十
80,千
81,七
82,百
83,亿
84,一
85,万
86,千
87,七
88,十
89,零
90,亿
91,十
92,九
93,二
94,八
95,亿
96,一
97,五
98,二
99,万
100,五
101,八
102,亿
103,二
104,九
105,零
106,六
107,七
108,五
109,六
110,亿
111,十
112,万
113,万
114,十
115,三
116,万
117,零
118,七
119,三
120,百
121,零
122,六
123,三
124,八
125,九
126,万
127,亿
128,亿
129,亿
130,三
131,万
132,三
133,八
134,百
135,四
136,十
137,十
138,四
139,四
140,五
141,零
142,百
143,二
144,一
145,八
146,十
147,九
148,四
149,二
150,九
151,零
152,万
153,零
154,零
155,亿
156,百
157,九
158,二
159,四
160,亿
161,亿
162,九
163,万
164,七
165,十
166,五
167,六
168,四
169,万
170,三
171,一
172,十
173,二
174,四
175,二
176,三
177,十
178,十
179,九
180,百
181,百
182,五
183,零
184,六
185,零
186,万
187,十
188,六
189,三
190,十
191,百
192,七
193,五
194,七
195,百
196,零
197,七
198,百
199,三
200,四
201,二
202,六
203,三
204,千
205,一
206,九
207,百
208,三
209,四
210,零
211,四
212,三
213,一
214,千
215,一
216,十
217,八
218,万
219,二
220,亿
221,万
222,千
223,七
224,五
225,九
226,百
227,五
228,六
229,千
230,千
231,零
232,万
233,一
234,五
235,万
236,三
237,一
238,四
239,十
240,九
241,千
242,六
243,九
244,亿
245,百
246,八
247,五
248,六
249,二
250,五
251,一
252,零
253,一
254,四
255,三
256,千
257,三
258,零
259,四
260,亿
261,九
262,亿
263,五
264,六
265,二
266,亿
267,二
268,千
269,八
270,九
271,七
272,四
273,十
274,六
275,百
276,二
277,五
278,千
279,二
280,万
281,一
282,一
283,千
284,千
285,三
286,一
287,三
288,千
289,亿
290,五
291,九
292,亿
293,百
294,零
295,五
296,二
297,一
298,七
299,一
300,五
301,三
302,九
303,百
304,五
305,千
306,百
307,六
308,零
309,九
310,七
311,千
312,二
313,零
314,千
315,七
316,十
317,万
318,九
319,千
320,万
321,零
322,亿
323,千
324,千
325,五
326,万
327,万
328,八
329,七
330,二
331,四
332,七
333,亿
334,九
335,零
336,十
337,零
338,二
339,十
340,七
341,一
342,五
343,一
344,八
345,四
346,亿
347,一
348,百
349,千
350,十
351,九
352,三
353,八
354,七
355,七
356,八
357,五
358,六
359,一
360,十
361,百
362,亿
363,九
364,万
365,六
366,五
367,一
368,一
369,三
370,六
371,零
372,万
373,四
374,二
375,七
376,亿
377,零
378,四
379,三
380,五
381,四
382,三
383,零
384,一
385,亿
386,三
387,百
388,三
389,五
390,百
391,二
392,四
393,二
394,十
395,八
396,七
397,六
398,四
399,千
400,十
401,一
402,百
403,亿
404,亿
405,百
406,零
407,九
408,七
409,八
410,八
411,二
412,亿
413,九
414,六
415,四
416,六
417,万
418,百
419,百
420,千
421,十
422,亿
423,三
424,一
425,七
426,亿
427,八
428,六
429,百
430,十
431,十
432,一
433,百
434,二
435,四
436,五
437,四
438,万
439,一
440,六
441,百
442,千
443,零
444,九
445,万
446,八
447,三
448,万
449,八
450,六
451,五
452,一
453,零
454,三
455,九
456,九
457,二
458,三
459,十
460,百
461,三
462,亿
463,九
464,六
465,三
466,百
467,亿
468,四
469,万
470,万
471,七
472,亿
473,三
474,三
475,千
476,三
477,九
478,零
479,二
480,零
481,百
482,四
483,亿
484,七
485,零
486,六
487,千
488,一
489,亿
490,六
491,九
492,七
493,零
494,九
495,八
496,三
497,万
498,千
499,百
500,千
501,五
502,九
503,六
504,六
505,万
506,九
507,万
508,五
509,百
510,百
511,百
512,亿
513,百
514,四
515,亿
516,零
517,三
518,九
519,三
520,四
521,六
522,七
523,十
524,六
525,四
526,七
527,一
528,九
529,一
530,三
531,三
532,七
533,千
534,三
535,亿
536,九
537,亿
538,九
539,四
540,四
541,一
542,百
543,五
544,四
545,二
546,亿
547,二
548,二
549,千
550,八
551,七
552,三
553,百
554,千
555,四
556,二
557,一
558,一
559,一
560,千
561,亿
562,十
563,百
564,七
565,九
566,五
567,万
568,十
569,亿
570,二
571,百
572,亿
573,零
574,千
575,二
576,二
577,六
578,万
579,万
580,十
581,八
582,亿
583,二
584,万
585,十
586,百
587,七
588,八
589,百
590,五
591,一
592,十
593,千
594,七
595,零
596,十
597,九
598,六
599,亿
600,九
601,一
602,零
603,三
604,万
605,八
606,亿
607,一
608,千
609,十
610,四
611,亿
612,九
613,八
614,三
615,三
616,四
617,万
618,六
619,亿
620,一
621,九
622,四
623,四
624,亿
625,三
626,零
627,九
628,三
629,亿
630,十
631,九
632,十
633,七
634,三
635,零
636,零
637,八
638,九
639,万
640,二
641,十
642,百
643,二
644,十
645,八
646,亿
647,二
648,九
649,百
650,千
651,六
652,万
653,五
654,四
655,亿
656,十
657,五
658,六
659,六
660,九
661,七
662,七
663,百
664,万
665,六
666,亿
667,九
668,百
669,九
670,千
671,十
672,七
673,七
674,零
675,三
676,四
677,万
678,一
679,四
680,百
681,八
682,万
683,六
684,七
685,九
686,三
687,五
688,千
689,五
690,五
691,九
692,九
693,零
694,二
695,五
696,千
697,百
698,亿
699,七
700,亿
701,百
702,千
703,七
704,亿
705,八
706,九
707,三
708,五
709,万
710,十
711,百
712,六
713,七
714,零
715,八
716,六
717,四
718,六
719,八
720,亿
721,一
722,九
723,九
724,千
725,亿
726,九
727,七
728,千
729,四
730,千
731,十
732,零
733,亿
734,八
735,万
736,三
737,一
738,九
739,七
740,五
741,零
742,九
743,三
744,五
745,十
746,七
747,百
748,零
749,万
750,亿
751,亿
752,万
753,百
754,一
755,十
756,三
757,八
758,亿
759,十
760,一
761,十
762,百
763,七
764,七
765,四
766,十
767,千
768,十
769,十
770,零
771,八
772,万
773,六
774,零
775,百
776,三
777,八
778,三
779,四
780,千
781,万
782,零
783,五
784,亿
785,五
786,三
787,八
788,千
789,六
790,亿
791,四
792,亿
793,七
794,四
795,七
796,百
797,四
798,七
799,二
800,百
801,百
802,八
803,九
804,万
805,五
806,六
807,万
808,零
809,九
810,百
811,四
812,八
813,十
814,零
815,九
816,百
817,二
818,四
819,百
820,八
821,七
822,八
823,四
824,千
825,千
826,一
827,三
828,九
829,零
830,七
831,零
832,六
833,二
834,四
835,零
836,一
837,万
838,五
839,千
840,二
841,五
842,零
843,百
844,五
845,五
846,亿
847,零
848,一
849,七
850,一
851,六
852,亿
853,五
854,二
855,八
856,六
857,九
858,二
859,十
860,九
861,三
862,三
863,二
864,一
865,四
866,三
867,八
868,五
869,四
870,五
871,六
872,千
873,七
874,六
875,零
876,五
877,千
878,三
879,六
880,一
881,一
882,八
883,百
884,五
885,一
886,九
887,万
888,一
889,百
890,八
891,六
892,零
893,五
894,八
895,三
896,八
897,六
898,三
899,三
900,亿
901,二
902,一
903,亿
904,千
905,百
906,一
907,万
908,八
909,百
910,八
911,七
912,二
913,零
914,百
915,九
916,四
917,五
918,千
919,八
920,一
921,八
922,九
923,一
924,六
925,百
926,零
927,七
928,二
929,二
930,万
931,万
932,亿
933,二
934,千
935,千
936,万
937,百
938,零
939,二
940,二
941,零
942,千
943,百
944,七
945,三
946,六
947,四
948,四
949,六
950,百
951,五
952,一
953,九
954,五
955,九
956,十
957,万
958,六
959,亿
960,零
961,四
962,八
963,八
964,九
965,九
966,八
967,一
968,千
969,一
970,零
971,八
972,零
973,二
974,七
975,六
976,零
977,百
978,千
979,千
980,八
981,七
982,零
983,百
984,六
985,亿
986,十
987,一
988,九
989,零
990,五
991,五
992,七
993,百
994,万
995,九
996,二
997,六
998,一
999,五
1000,二
1001,九
1002,九
1003,五
1004,五
1005,十
1006,六
1007,二
1008,二
1009,一
1010,四
1011,九
1012,一
1013,万
1014,六
1015,百
1016,一
1017,三
1018,千
1019,三
1020,十
1021,十
1022,三
1023,千
1024,八
1025,三
1026,三
1027,五
1028,千
1029,九
1030,三
1031,亿
1032,百
1033,六
1034,五
1035,八
1036,四
1037,三
1038,一
1039,一
1040,二
1041,八
1042,三
1043,千
1044,六
1045,百
1046,四
1047,零
1048,五
1049,七
1050,二
1051,三
1052,百
1053,九
1054,百
1055,一
1056,万
1057,一
1058,零
1059,五
1060,九
1061,九
1062,零
1063,二
1064,千
1065,四
1066,十
1067,百
1068,三
1069,千
1070,百
1071,六
1072,亿
1073,六
1074,零
1075,六
1076,万
1077,万
1078,四
1079,五
1080,五
1081,七
1082,九
1083,十
1084,九
1085,九
1086,亿
1087,八
1088,七
1089,四
1090,四
1091,千
1092,八
1093,六
1094,十
1095,三
1096,四
1097,亿
1098,五
1099,十
1100,五
1101,八
1102,三
1103,三
1104,五
1105,亿
1106,六
1107,六
1108,三
1109,七
1110,二
1111,六
1112,千
1113,三
1114,百
1115,七
1116,百
1117,五
1118,五
1119,八
1120,零
1121,十
1122,亿
1123,七
1124,一
1125,一
1126,亿
1127,七
1128,千
1129,十
1130,亿
1131,万
1132,百
1133,三
1134,零
1135,一
1136,十
1137,千
1138,万
1139,一
1140,百
1141,四
1142,四
1143,七
1144,五
1145,亿
1146,万
1147,零
1148,一
1149,万
1150,五
1151,七
1152,十
1153,五
1154,一
1155,千
1156,五
1157,八
1158,六
1159,九
1160,千
1161,百
1162,九
1163,三
1164,三
1165,八
1166,一
1167,一
1168,四
1169,五
1170,十
1171,亿
1172,八
1173,六
1174,百
1175,七
1176,七
1177,四
1178,百
1179,三
1180,亿
1181,九
1182,三
1183,零
1184,九
1185,一
1186,六
1187,万
1188,十
1189,五
1190,九
1191,二
1192,百
1193,四
1194,万
1195,百
1196,一
1197,七
1198,七
1199,三
1200,一
1201,七
1202,六
1203,百
1204,六
1205,十
1206,二
1207,二
1208,九
1209,七
1210,四
1211,五
1212,一
1213,八
1214,万
1215,六
1216,万
1217,十
1218,一
1219,六
1220,八
1221,二
1222,四
1223,零
1224,四
1225,四
1226,亿
1227,一
1228,二
1229,一
1230,千
1231,一
1232,一
1233,五
1234,八
1235,七
1236,百
1237,九
1238,二
1239,二
1240,百
1241,百
1242,十
1243,一
1244,八
1245,七
1246,七
1247,八
1248,七
1249,千
1250,七
1251,零
1252,一
1253,八
1254,八
1255,零
1256,二
1257,万
1258,一
1259,五
1260,七
1261,三
1262,四
1263,万
1264,四
1265,千
1266,万
1267,三
1268,三
1269,六
1270,七
1271,三
1272,六
1273,十
1274,三
1275,五
1276,八
1277,万
1278,万
1279,五
1280,万
1281,二
1282,九
1283,亿
1284,五
1285,八
1286,千
1287,八
1288,九
1289,十
1290,七
1291,三
1292,百
1293,五
1294,三
1295,百
1296,九
1297,零
1298,百
1299,零
1300,亿
1301,二
1302,六
1303,十
1304,六
1305,亿
1306,一
1307,万
1308,一
1309,四
1310,百
1311,一
1312,二
1313,百
1314,十
1315,百
1316,百
1317,六
1318,十
1319,零
1320,千
1321,三
1322,七
1323,千
1324,零
1325,五
1326,六
1327,四
1328,四
1329,二
1330,六
1331,四
1332,百
1333,零
1334,五
1335,亿
1336,五
1337,百
1338,七
1339,十
1340,万
1341,四
1342,五
1343,一
1344,五
1345,十
1346,二
1347,六
1348,百
1349,五
1350,八
1351,六
1352,千
1353,十
1354,九
1355,八
1356,百
1357,四
1358,七
1359,零
1360,千
1361,零
1362,一
1363,零
1364,五
1365,万
1366,千
1367,七
1368,二
1369,五
1370,千
1371,万
1372,零
1373,七
1374,百
1375,九
1376,千
1377,五
1378,七
1379,六
1380,千
1381,二
1382,十
1383,八
1384,亿
1385,百
1386,四
1387,十
1388,一
1389,二
1390,千
1391,百
1392,万
1393,一
1394,五
1395,七
1396,一
1397,四
1398,九
1399,百
1400,二
1401,万
1402,零
1403,零
1404,零
1405,三
1406,九
1407,四
1408,九
1409,七
1410,八
1411,六
1412,七
1413,千
1414,八
1415,七
1416,六
1417,八
1418,千
1419,亿
1420,百
1421,百
1422,亿
1423,十
1424,万
1425,九
1426,八
1427,亿
1428,亿
1429,万
1430,一
1431,六
1432,百
1433,千
1434,九
1435,一
1436,九
1437,九
1438,七
1439,亿
1440,三
1441,四
1442,八
1443,一
1444,三
1445,八
1446,零
1447,百
1448,二
1449,四
1450,十
1451,亿
1452,四
1453,四
1454,一
1455,万
1456,一
1457,九
1458,百
1459,二
1460,二
1461,六
1462,零
1463,五
1464,千
1465,万
1466,亿
1467,三
1468,六
1469,七
1470,亿
1471,零
1472,十
1473,二
1474,万
1475,九
1476,八
1477,零
1478,万
1479,千
1480,五
1481,九
1482,七
1483,五
1484,一
1485,二
1486,七
1487,四
1488,一
1489,亿
1490,八
1491,八
1492,三
1493,二
1494,七
1495,一
1496,九
1497,七
1498,二
1499,八
1500,千
1501,八
1502,一
1503,六
1504,百
1505,八
1506,万
1507,二
1508,百
1509,二
1510,零
1511,五
1512,四
1513,七
1514,五
1515,五
1516,五
1517,万
1518,十
1519,万
1520,七
1521,八
1522,八
1523,亿
1524,三
1525,零
1526,万
1527,八
1528,七
1529,六
1530,二
1531,零
1532,十
1533,一
1534,八
1535,万
1536,万
1537,万
1538,八
1539,亿
1540,二
1541,五
1542,零
1543,五
1544,万
1545,二
1546,百
1547,十
1548,五
1549,三
1550,三
1551,零
1552,七
1553,零
1554,七
1555,三
1556,亿
1557,一
1558,二
1559,四
1560,零
1561,百
1562,一
1563,十
1564,六
1565,十
1566,五
1567,八
1568,八
1569,三
1570,二
1571,五
1572,万
1573,零
1574,万
1575,六
1576,三
1577,十
1578,四
1579,七
1580,一
1581,二
1582,百
1583,五
1584,六
1585,五
1586,七
1587,万
1588,五
1589,零
1590,零
1591,九
1592,二
1593,亿
1594,八
1595,五
1596,八
1597,零
1598,零
1599,万
1600,九
1601,百
1602,八
1603,零
1604,三
1605,二
1606,亿
1607,四
1608,四
1609,四
1610,亿
1611,零
1612,万
1613,六
1614,亿
1615,五
1616,三
1617,百
1618,八
1619,亿
1620,九
1621,七
1622,一
1623,零
1624,四
1625,千
1626,九
1627,六
1628,七
1629,九
1630,十
1631,十
1632,万
1633,千
1634,百
1635,九
1636,七
1637,八
1638,一
1639,六
1640,一
1641,零
1642,一
1643,八
1644,四
1645,万
1646,十
1647,五
1648,五
1649,一
1650,二
1651,十
1652,九
1653,十
1654,十
1655,九
1656,二
1657,五
1658,百
1659,万
1660,千
1661,亿
1662,五
1663,六
1664,十
1665,一
1666,四
1667,三
1668,千
1669,百
1670,一
1671,一
1672,一
1673,九
1674,二
1675,五
1676,七
1677,百
1678,八
1679,九
1680,百
1681,四
1682,八
1683,一
1684,零
1685,九
1686,五
1687,万
1688,十
1689,八
1690,八
1691,九
1692,千
1693,五
1694,三
1695,千
1696,一
1697,二
1698,七
1699,九
1700,七
1701,二
1702,六
1703,四
1704,三
1705,千
1706,四
1707,二
1708,五
1709,亿
1710,百
1711,万
1712,三
1713,七
1714,万
1715,九
1716,百
1717,九
1718,零
1719,千
1720,五
1721,百
1722,四
1723,十
1724,百
1725,百
1726,千
1727,九
1728,二
1729,千
1730,一
1731,十
1732,万
1733,七
1734,一
1735,十
1736,九
1737,万
1738,一
1739,二
1740,一
1741,万
1742,零
1743,六
1744,百
1745,九
1746,九
1747,八
1748,一
1749,七
1750,四
1751,十
1752,二
1753,八
1754,亿
1755,一
1756,零
1757,一
1758,十
1759,四
1760,十
1761,四
1762,四
1763,二
1764,六
1765,七
1766,万
1767,五
1768,三
1769,一
1770,三
1771,万
1772,二
1773,一
1774,千
1775,百
1776,六
1777,九
1778,亿
1779,万
1780,六
1781,七
1782,十
1783,二
1784,三
1785,二
1786,八
1787,万
1788,百
1789,六
1790,二
1791,四
1792,百
1793,零
1794,百
1795,亿
1796,十
1797,八
1798,十
1799,三
1800,四
1801,五
1802,四
1803,亿
1804,五
1805,一
1806,十
1807,零
1808,亿
1809,八
1810,十
1811,十
1812,万
1813,三
1814,零
1815,五
1816,千
1817,零
1818,八
1819,千
1820,八
1821,亿
1822,一
1823,九
1824,六
1825,二
1826,千
1827,万
1828,亿
1829,零
1830,七
1831,千
1832,一
1833,七
1834,十
1835,三
1836,八
1837,一
1838,八
1839,五
1840,百
1841,亿
1842,八
1843,十
1844,百
1845,三
1846,一
1847,百
1848,亿
1849,一
1850,亿
1851,十
1852,十
1853,七
1854,八
1855,千
1856,十
1857,亿
1858,七
1859,零
1860,八
1861,四
1862,三
1863,百
1864,零
1865,七
1866,十
1867,一
1868,五
1869,千
1870,亿
1871,零
1872,六
1873,十
1874,一
1875,四
1876,六
1877,千
1878,四
1879,五
1880,万
1881,七
1882,七
1883,四
1884,二
1885,十
1886,万
1887,六
1888,十
1889,八
1890,千
1891,五
1892,六
1893,四
1894,四
1895,百
1896,六
1897,六
1898,千
1899,三
1900,零
1901,万
1902,六
1903,七
1904,六
1905,十
1906,万
1907,八
1908,十
1909,十
1910,万
1911,千
1912,八
1913,九
1914,八
1915,百
1916,三
1917,零
1918,百
1919,二
1920,三
1921,三
1922,百
1923,十
1924,四
1925,二
1926,千
1927,百
1928,三
1929,七
1930,亿
1931,零
1932,六
1933,二
1934,三
1935,六
1936,十
1937,百
1938,四
1939,万
1940,万
1941,亿
1942,五
1943,十
1944,十
1945,五
1946,亿
1947,五
1948,二
1949,九
1950,七
1951,万
1952,千
1953,十
1954,八
1955,四
1956,亿
1957,十
1958,零
1959,四
1960,七
1961,二
1962,三
1963,百
1964,万
1965,二
1966,千
1967,七
1968,三
1969,六
1970,一
1971,六
1972,七
1973,五
1974,万
1975,四
1976,零
1977,四
1978,亿
1979,三
1980,九
1981,一
1982,四
1983,七
1984,三
1985,四
1986,亿
1987,五
1988,一
1989,十
1990,万
1991,二
1992,三
1993,二
1994,六
1995,五
1996,千
1997,万
1998,九
1999,四
2000,十
2001,零
2002,十
2003,四
2004,八
2005,九
2006,七
2007,六
2008,十
2009,三
2010,四
2011,二
2012,七
2013,零
2014,四
2015,十
2016,九
2017,零
2018,千
2019,九
2020,十
2021,七
2022,一
2023,十
2024,百
2025,三
2026,八
2027,九
2028,四
2029,千
2030,四
2031,六
2032,八
2033,二
2034,五
2035,百
2036,六
2037,四
2038,八
2039,千
2040,四
2041,亿
2042,四
2043,五
2044,零
2045,万
2046,亿
2047,二
2048,四
2049,十
2050,二
2051,万
2052,九
2053,四
2054,四
2055,零
2056,六
2057,亿
2058,万
2059,七
2060,三
2061,十
2062,八
2063,六
2064,六
2065,七
2066,四
2067,二
2068,五
2069,七
2070,九
2071,八
2072,九
2073,五
2074,七
2075,四
2076,一
2077,七
2078,八
2079,六
2080,二
2081,百
2082,十
2083,零
2084,六
2085,九
2086,一
2087,七
2088,一
2089,二
2090,八
2091,六
2092,零
2093,三
2094,三
2095,六
2096,万
2097,零
2098,百
2099,千
2100,十
2101,三
2102,四
2103,五
2104,七
2105,六
2106,一
2107,八
2108,万
2109,六
2110,四
2111,十
2112,七
2113,三
2114,四
2115,亿
2116,七
2117,七
2118,九
2119,十
2120,九
2121,八
2122,二
2123,五
2124,十
2125,七
2126,八
2127,十
2128,五
2129,四
2130,百
2131,百
2132,千
2133,一
2134,四
2135,四
2136,六
2137,七
2138,万
2139,十
2140,百
2141,八
2142,九
2143,二
2144,百
2145,七
2146,七
2147,六
2148,万
2149,一
2150,三
2151,八
2152,百
2153,亿
2154,千
2155,七
2156,四
2157,六
2158,二
2159,一
2160,一
2161,七
2162,六
2163,四
2164,零
2165,九
2166,九
2167,九
2168,六
2169,万
2170,五
2171,八
2172,零
2173,十
2174,四
2175,万
2176,三
2177,亿
2178,二
2179,四
2180,亿
2181,零
2182,五
2183,亿
2184,十
2185,千
2186,九
2187,一
2188,二
2189,九
2190,万
2191,亿
2192,四
2193,十
2194,零
2195,六
2196,六
2197,亿
2198,百
2199,零
2200,十
2201,六
2202,亿
2203,九
2204,亿
2205,三
2206,十
2207,二
2208,百
2209,五
2210,千
2211,一
2212,八
2213,九
2214,千
2215,四
2216,五
2217,五
2218,千
2219,零
2220,三
2221,一
2222,二
2223,一
2224,万
2225,一
2226,千
2227,亿
2228,二
2229,万
2230,千
2231,二
2232,三
2233,七
2234,三
2235,六
2236,七
2237,一
2238,九
2239,三
2240,百
2241,八
2242,六
2243,一
2244,千
2245,七
2246,百
2247,一
2248,五
2249,二
2250,二
2251,七
2252,九
2253,八
2254,百
2255,八
2256,九
2257,七
2258,一
2259,六
2260,十
2261,四
2262,万
2263,千
2264,四
2265,五
2266,亿
2267,五
2268,八
2269,百
2270,二
2271,六
2272,二
2273,万
2274,四
2275,十
2276,五
2277,九
2278,八
2279,二
2280,亿
2281,七
2282,零
2283,九
2284,九
2285,一
2286,一
2287,万
2288,九
2289,十
2290,三
2291,亿
2292,九
2293,亿
2294,零
2295,零
2296,四
2297,千
2298,八
2299,六
2300,十
2301,三
2302,万
2303,八
2304,二
2305,亿
2306,零
2307,百
2308,二
2309,十
2310,七
2311,一
2312,九
2313,一
2314,千
2315,一
2316,零
2317,一
2318,四
2319,万
2320,百
2321,四
2322,千
2323,亿
2324,百
2325,二
2326,二
2327,四
2328,九
2329,九
2330,一
2331,一
2332,六
2333,一
2334,二
2335,六
2336,千
2337,三
2338,零
2339,千
2340,九
2341,亿
2342,一
2343,零
2344,五
2345,十
2346,七
2347,四
2348,六
2349,亿
2350,零
2351,六
2352,八
2353,七
2354,五
2355,百
2356,亿
2357,十
2358,六
2359,七
2360,七
2361,八
2362,一
2363,六
2364,十
2365,十
2366,八
2367,八
2368,四
2369,万
2370,八
2371,二
2372,零
2373,三
2374,零
2375,千
2376,七
2377,万
2378,百
2379,八
2380,四
2381,八
2382,二
2383,千
2384,万
2385,百
2386,亿
2387,四
2388,千
2389,零
2390,一
2391,七
2392,亿
2393,二
2394,百
2395,八
2396,八
2397,万
2398,九
2399,十
2400,九
2401,四
2402,万
2403,六
2404,四
2405,千
2406,零
2407,七
2408,三
2409,零
2410,万
2411,七
2412,一
2413,八
2414,六
2415,二
2416,三
2417,亿
2418,七
2419,零
2420,七
2421,四
2422,六
2423,四
2424,万
2425,七
2426,亿
2427,六
2428,千
2429,四
2430,五
2431,九
2432,百
2433,一
2434,三
2435,十
2436,八
2437,五
2438,百
2439,七
2440,五
2441,四
2442,一
2443,万
2444,千
2445,零
2446,八
2447,一
2448,十
2449,六
2450,一
2451,二
2452,千
2453,百
2454,十
2455,八
2456,零
2457,四
2458,八
2459,万
2460,四
2461,亿
2462,千
2463,万
2464,三
2465,亿
2466,六
2467,四
2468,六
2469,亿
2470,千
2471,八
2472,八
2473,六
2474,四
2475,亿
2476,零
2477,十
2478,三
2479,一
2480,零
2481,十
2482,百
2483,千
2484,亿
2485,六
2486,六
2487,六
2488,七
2489,五
2490,八
2491,一
2492,千
2493,四
2494,十
2495,一
2496,九
2497,六
2498,万
2499,亿
2500,千
2501,五
2502,十
2503,二
2504,四
2505,亿
2506,零
2507,七
2508,四
2509,十
2510,千
2511,五
2512,五
2513,八
2514,亿
2515,千
2516,九
2517,六
2518,万
2519,六
2520,二
2521,千
2522,亿
2523,四
2524,亿
2525,亿
2526,七
2527,八
2528,百
2529,九
2530,八
2531,亿
2532,亿
2533,六
2534,十
2535,亿
2536,零
2537,亿
2538,二
2539,二
2540,一
2541,千
2542,四
2543,零
2544,零
2545,八
2546,七
2547,五
2548,万
2549,亿
2550,十
2551,一
2552,万
2553,九
2554,七
2555,四
2556,一
2557,十
2558,八
2559,二
2560,七
2561,二
2562,一
2563,三
2564,十
2565,十
2566,亿
2567,五
2568,一
2569,万
2570,九
2571,六
2572,五
2573,千
2574,七
2575,六
2576,万
2577,二
2578,十
2579,亿
2580,十
2581,万
2582,亿
2583,六
2584,一
2585,零
2586,九
2587,百
2588,六
2589,六
2590,七
2591,百
2592,五
2593,九
2594,八
2595,九
2596,八
2597,二
2598,九
2599,五
2600,亿
2601,八
2602,三
2603,十
2604,千
2605,四
2606,十
2607,九
2608,万
2609,五
2610,亿
2611,亿
2612,四
2613,十
2614,千
2615,九
2616,六
2617,千
2618,九
2619,零
2620,亿
2621,六
2622,二
2623,六
2624,二
2625,四
2626,一
2627,三
2628,四
2629,零
2630,万
2631,三
2632,九
2633,十
2634,五
2635,九
2636,五
2637,五
2638,七
2639,二
2640,零
2641,亿
2642,九
2643,二
2644,九
2645,九
2646,八
2647,零
2648,零
2649,百
2650,二
2651,一
2652,十
2653,三
2654,一
2655,八
2656,千
2657,亿
2658,零
2659,五
2660,五
2661,万
2662,十
2663,六
2664,三
2665,二
2666,二
2667,八
2668,百
2669,五
2670,零
2671,三
2672,三
2673,一
2674,八
2675,三
2676,一
2677,九
2678,四
2679,八
2680,零
2681,千
2682,五
2683,四
2684,千
2685,百
2686,六
2687,九
2688,百
2689,万
2690,一
2691,三
2692,千
2693,四
2694,一
2695,五
2696,零
2697,十
2698,亿
2699,四
2700,七
2701,二
2702,一
2703,五
2704,七
2705,七
2706,零
2707,五
2708,零
2709,零
2710,万
2711,七
2712,亿
2713,千
2714,十
2715,亿
2716,六
2717,二
2718,一
2719,五
2720,千
2721,万
2722,二
2723,零
2724,百
2725,七
2726,百
2727,亿
2728,十
2729,十
2730,三
2731,五
2732,一
2733,二
2734,一
2735,三
2736,三
2737,零
2738,十
2739,二
2740,十
2741,九
2742,七
2743,九
2744,万
2745,六
2746,二
2747,百
2748,七
2749,六
2750,二
2751,三
2752,二
2753,五
2754,十
2755,一
2756,十
2757,零
2758,六
2759,三
2760,十
2761,亿
2762,千
2763,三
2764,三
2765,一
2766,零
2767,二
2768,一
2769,零
2770,十
2771,九
2772,四
2773,千
2774,四
2775,一
2776,一
2777,亿
2778,二
2779,九
2780,万
2781,九
2782,八
2783,千
2784,五
2785,四
2786,亿
2787,一
2788,万
2789,万
2790,千
2791,一
2792,三
2793,八
2794,千
2795,一
2796,二
2797,五
2798,八
2799,万
2800,万
2801,二
2802,三
2803,十
2804,零
2805,零
2806,二
2807,零
2808,四
2809,万
2810,百
2811,三
2812,九
2813,百
2814,九
2815,零
2816,二
2817,十
2818,千
2819,八
2820,万
2821,九
2822,十
2823,八
2824,亿
2825,九
2826,二
2827,百
2828,亿
2829,零
2830,零
2831,六
2832,零
2833,千
2834,百
2835,百
2836,二
2837,九
2838,三
2839,六
2840,五
2841,六
2842,一
2843,零
2844,三
2845,十
2846,七
2847,千
2848,十
2849,千
2850,五
2851,九
2852,亿
2853,千
2854,八
2855,九
2856,零
2857,三
2858,五
2859,二
2860,二
2861,十
2862,四
2863,零
2864,八
2865,三
2866,十
2867,二
2868,八
2869,一
2870,八
2871,九
2872,八
2873,八
2874,千
2875,八
2876,四
2877,六
2878,一
2879,一
2880,七
2881,亿
2882,九
2883,七
2884,一
2885,七
2886,六
2887,千
2888,零
2889,八
2890,亿
2891,二
2892,六
2893,三
2894,一
2895,千
2896,零
2897,七
2898,七
2899,十
2900,百
2901,六
2902,二
2903,百
2904,万
2905,九
2906,五
2907,一
2908,三
2909,零
2910,零
2911,四
2912,一
2913,亿
2914,三
2915,零
2916,一
2917,二
2918,八
2919,万
2920,九
2921,八
2922,五
2923,七
2924,百
2925,千
2926,九
2927,三
2928,一
2929,八
2930,万
2931,八
2932,百
2933,九
2934,千
2935,十
2936,三
2937,千
2938,二
2939,九
2940,十
2941,三
2942,零
2943,七
2944,六
2945,一
2946,百
2947,亿
2948,十
2949,八
2950,五
2951,十
2952,亿
2953,万
2954,万
2955,千
2956,九
2957,二
2958,八
2959,亿
2960,四
2961,九
2962,五
2963,万
2964,万
2965,三
2966,八
2967,百
2968,十
2969,百
2970,万
2971,零
2972,零
2973,百
2974,七
2975,四
2976,百
2977,百
2978,三
2979,万
2980,千
2981,九
2982,万
2983,八
2984,三
2985,五
2986,八
2987,一
2988,十
2989,十
2990,四
2991,千
2992,百
2993,十
2994,千
2995,百
2996,一
2997,四
2998,千
2999,十
3000,亿
3001,六
3002,五
3003,八
3004,万
3005,三
3006,千
3007,亿
3008,四
3009,千
3010,四
3011,九
3012,一
3013,八
3014,亿
3015,二
3016,百
3017,千
3018,九
3019,千
3020,七
3021,四
3022,十
3023,八
3024,百
3025,四
3026,一
3027,一
3028,零
3029,千
3030,一
3031,八
3032,百
3033,一
3034,零
3035,十
3036,百
3037,万
3038,亿
3039,千
3040,千
3041,一
3042,九
3043,千
3044,三
3045,二
3046,十
3047,四
3048,八
3049,亿
3050,千
3051,万
3052,亿
3053,七
3054,三
3055,四
3056,十
3057,零
3058,四
3059,八
3060,零
3061,二
3062,千
3063,二
3064,六
3065,亿
3066,三
3067,一
3068,百
3069,六
3070,十
3071,五
3072,六
3073,零
3074,四
3075,十
3076,三
3077,八
3078,亿
3079,二
3080,千
3081,四
3082,零
3083,四
3084,亿
3085,八
3086,千
3087,四
3088,千
3089,二
3090,九
3091,九
3092,九
3093,七
3094,六
3095,零
3096,零
3097,百
3098,零
3099,七
3100,五
3101,四
3102,七
3103,百
3104,亿
3105,百
3106,五
3107,七
3108,一
3109,零
3110,九
3111,三
3112,九
3113,三
3114,十
3115,一
3116,千
3117,五
3118,七
3119,八
3120,万
3121,四
3122,千
3123,三
3124,千
3125,千
3126,六
3127,亿
3128,九
3129,二
3130,千
3131,八
3132,一
3133,六
3134,八
3135,一
3136,零
3137,五
3138,九
3139,二
3140,四
3141,亿
3142,十
3143,亿
3144,百
3145,千
3146,三
3147,万
3148,千
3149,四
3150,三
3151,四
3152,百
3153,亿
3154,三
3155,九
3156,万
3157,三
3158,八
3159,七
3160,百
3161,七
3162,亿
3163,万
3164,六
3165,零
3166,百
3167,二
3168,十
3169,零
3170,十
3171,九
3172,五
3173,亿
3174,千
3175,亿
3176,十
3177,零
3178,七
3179,四
3180,十
3181,零
3182,五
3183,七
3184,零
3185,千
3186,七
3187,零
3188,二
3189,五
3190,四
3191,万
3192,三
3193,六
3194,一
3195,千
3196,一
3197,零
3198,五
3199,三
3200,亿
3201,八
3202,万
3203,三
3204,七
3205,三
3206,六
3207,八
3208,零
3209,四
3210,零
3211,零
3212,二
3213,九
3214,十
3215,五
3216,七
3217,百
3218,万
3219,六
3220,五
3221,七
3222,十
3223,六
3224,八
3225,百
3226,一
3227,一
3228,八
3229,百
3230,亿
3231,二
3232,四
3233,七
3234,五
3235,零
3236,一
3237,亿
3238,零
3239,七
3240,五
3241,十
3242,百
3243,万
3244,一
3245,十
3246,千
3247,七
3248,四
3249,百
3250,八
3251,四
3252,一
3253,九
3254,百
3255,四
3256,七
3257,八
3258,万
3259,百
3260,二
3261,十
3262,百
3263,十
3264,亿
3265,五
3266,千
3267,百
3268,六
3269,万
3270,百
3271,百
3272,五
3273,千
3274,十
3275,万
3276,九
3277,千
3278,十
3279,一
3280,六
3281,亿
3282,千
3283,八
3284,亿
3285,一
3286,万
3287,万
3288,七
3289,一
3290,八
3291,零
3292,九
3293,十
3294,八
3295,七
3296,三
3297,十
3298,千
3299,一
3300,三
3301,五
3302,九
3303,万
3304,七
3305,零
3306,亿
3307,零
3308,千
3309,五
3310,四
3311,万
3312,亿
3313,八
3314,五
3315,百
3316,七
3317,亿
3318,九
3319,五
3320,九
3321,九
3322,四
3323,万
3324,千
3325,千
3326,百
3327,五
3328,十
3329,亿
3330,百
3331,万
3332,零
3333,二
3334,八
3335,三
3336,八
3337,二
3338,五
3339,万
3340,四
3341,四
3342,八
3343,亿
3344,五
3345,七
3346,四
3347,五
3348,百
3349,十
3350,六
3351,六
3352,百
3353,五
3354,二
3355,三
3356,二
3357,九
3358,亿
3359,百
3360,三
3361,七
3362,万
3363,九
3364,八
3365,亿
3366,二
3367,三
3368,四
3369,四
3370,四
3371,六
3372,一
3373,十
3374,八
3375,亿
3376,八
3377,四
3378,亿
3379,十
3380,六
3381,五
3382,千
3383,千
3384,四
3385,一
3386,六
3387,四
3388,二
3389,三
3390,亿
3391,六
3392,六
3393,亿
3394,八
3395,十
3396,三
3397,一
3398,亿
3399,万
3400,一
3401,三
3402,三
3403,千
3404,九
3405,一
3406,二
3407,亿
3408,一
3409,八
3410,七
3411,六
3412,十
3413,四
3414,四
3415,十
3416,九
3417,万
3418,四
3419,百
3420,百
3421,亿
3422,二
3423,万
3424,八
3425,十
3426,八
3427,十
3428,七
3429,十
3430,二
3431,六
3432,九
3433,八
3434,四
3435,亿
3436,百
3437,六
3438,万
3439,千
3440,六
3441,万
3442,二
3443,零
3444,五
3445,百
3446,八
3447,零
3448,三
3449,六
3450,八
3451,千
3452,二
3453,六
3454,一
3455,九
3456,万
3457,四
3458,亿
3459,一
3460,二
3461,四
3462,千
3463,千
3464,零
3465,三
3466,六
3467,六
3468,八
3469,四
3470,七
3471,五
3472,零
3473,千
3474,七
3475,千
3476,万
3477,十
3478,六
3479,二
3480,万
3481,三
3482,一
3483,二
3484,八
3485,千
3486,一
3487,一
3488,千
3489,九
3490,五
3491,一
3492,一
3493,五
3494,一
3495,万
3496,万
3497,十
3498,七
3499,千
3500,一
3501,七
3502,十
3503,万
3504,七
3505,三
3506,八
3507,五
3508,一
3509,三
3510,二
3511,零
3512,五
3513,三
3514,零
3515,四
3516,八
3517,十
3518,万
3519,一
3520,亿
3521,七
3522,零
3523,三
3524,十
3525,三
3526,万
3527,三
3528,六
3529,五
3530,三
3531,三
3532,万
3533,一
3534,十
3535,一
3536,六
3537,亿
3538,千
3539,四
3540,九
3541,九
3542,一
3543,二
3544,九
3545,四
3546,亿
3547,四
3548,六
3549,万
3550,千
3551,九
3552,三
3553,二
3554,五
3555,五
3556,三
3557,三
3558,二
3559,八
3560,七
3561,四
3562,零
3563,亿
3564,七
3565,二
3566,万
3567,七
3568,二
3569,五
3570,亿
3571,百
3572,亿
3573,零
3574,亿
3575,千
3576,三
3577,万
3578,二
3579,二
3580,五
3581,九
3582,三
3583,一
3584,十
3585,零
3586,零
3587,六
3588,千
3589,千
3590,七
3591,千
3592,十
3593,亿
3594,六
3595,千
3596,千
3597,九
3598,百
3599,五
3600,六
3601,一
3602,一
3603,四
3604,六
3605,七
3606,百
3607,亿
3608,千
3609,五
3610,百
3611,零
3612,九
3613,八
3614,六
3615,五
3616,一
3617,亿
3618,一
3619,三
3620,千
3621,千
3622,四
3623,万
3624,千
3625,二
3626,八
3627,八
3628,五
3629,八
3630,一
3631,千
3632,八
3633,千
3634,四
3635,零
3636,三
3637,亿
3638,一
3639,万
3640,百
3641,五
3642,十
3643,三
3644,五
3645,零
3646,万
3647,七
3648,零
3649,十
3650,万
3651,三
3652,四
3653,千
3654,七
3655,五
3656,二
3657,一
3658,八
3659,亿
3660,七
3661,万
3662,二
3663,零
3664,九
3665,二
3666,万
3667,二
3668,九
3669,万
3670,万
3671,五
3672,百
3673,五
3674,万
3675,万
3676,五
3677,五
3678,四
3679,百
3680,八
3681,七
3682,百
3683,二
3684,百
3685,五
3686,六
3687,五
3688,二
3689,一
3690,万
3691,千
3692,二
3693,九
3694,八
3695,四
3696,七
3697,八
3698,三
3699,亿
3700,四
3701,四
3702,八
3703,三
3704,亿
3705,亿
3706,亿
3707,五
3708,八
3709,十
3710,三
3711,七
3712,四
3713,一
3714,三
3715,五
3716,零
3717,七
3718,万
3719,五
3720,六
3721,百
3722,八
3723,零
3724,二
3725,四
3726,九
3727,五
3728,百
3729,一
3730,九
3731,五
3732,零
3733,十
3734,零
3735,零
3736,百
3737,七
3738,六
3739,十
3740,三
3741,八
3742,万
3743,三
3744,零
3745,万
3746,一
3747,二
3748,二
3749,万
3750,四
3751,一
3752,千
3753,千
3754,二
3755,百
3756,零
3757,二
3758,千
3759,七
3760,百
3761,二
3762,亿
3763,万
3764,亿
3765,亿
3766,万
3767,三
3768,八
3769,千
3770,十
3771,二
3772,八
3773,六
3774,七
3775,十
3776,五
3777,八
3778,四
3779,六
3780,百
3781,九
3782,九
3783,一
3784,千
3785,七
3786,十
3787,二
3788,五
3789,六
3790,四
3791,千
3792,百
3793,十
3794,六
3795,五
3796,亿
3797,千
3798,五
3799,零
3800,十
3801,亿
3802,万
3803,五
3804,五
3805,一
3806,三
3807,九
3808,一
3809,二
3810,四
3811,七
3812,八
3813,零
3814,百
3815,六
3816,五
3817,二
3818,七
3819,五
3820,八
3821,四
3822,九
3823,九
3824,六
3825,万
3826,二
3827,万
3828,百
3829,八
3830,八
3831,千
3832,五
3833,三
3834,二
3835,二
3836,七
3837,十
3838,百
3839,亿
3840,七
3841,万
3842,九
3843,八
3844,八
3845,五
3846,六
3847,千
3848,五
3849,一
3850,千
3851,五
3852,七
3853,七
3854,九
3855,七
3856,亿
3857,一
3858,四
3859,三
3860,一
3861,零
3862,万
3863,千
3864,七
3865,十
3866,八
3867,百
3868,五
3869,九
3870,六
3871,三
3872,四
3873,三
3874,四
3875,千
3876,六
3877,七
3878,亿
3879,千
3880,三
3881,六
3882,一
3883,十
3884,八
3885,一
3886,二
3887,八
3888,一
3889,五
3890,百
3891,十
3892,六
3893,亿
3894,九
3895,一
3896,七
3897,三
3898,八
3899,百
3900,六
3901,二
3902,四
3903,五
3904,万
3905,千
3906,二
3907,六
3908,六
3909,九
3910,四
3911,二
3912,千
3913,六
3914,七
3915,九
3916,十
3917,七
3918,零
3919,二
3920,百
3921,八
3922,十
3923,五
3924,零
3925,亿
3926,二
3927,三
3928,四
3929,二
3930,八
3931,十
3932,九
3933,五
3934,三
3935,七
3936,四
3937,万
3938,一
3939,零
3940,零
3941,七
3942,千
3943,三
3944,千
3945,亿
3946,十
3947,九
3948,五
3949,二
3950,零
3951,二
3952,百
3953,十
3954,千
3955,二
3956,八
3957,二
3958,八
3959,百
3960,万
3961,四
3962,五
3963,十
3964,千
3965,百
3966,万
3967,一
3968,亿
3969,六
3970,五
3971,百
3972,九
3973,三
3974,零
3975,零
3976,二
3977,万
3978,九
3979,零
3980,百
3981,亿
3982,七
3983,十
3984,二
3985,零
3986,亿
3987,十
3988,五
3989,千
3990,八
3991,三
3992,零
3993,七
3994,七
3995,一
3996,百
3997,一
3998,十
3999,零
4000,万
4001,亿
4002,六
4003,六
4004,一
4005,一
4006,三
4007,六
4008,二
4009,六
4010,二
4011,九
4012,三
4013,零
4014,零
4015,八
4016,三
4017,一
4018,二
4019,十
4020,七
4021,亿
4022,千
4023,千
4024,八
4025,一
4026,九
4027,五
4028,九
4029,五
4030,万
4031,零
4032,一
4033,九
4034,五
4035,七
4036,六
4037,万
4038,六
4039,七
4040,千
4041,三
4042,零
4043,一
4044,二
4045,零
4046,五
4047,六
4048,三
4049,九
4050,八
4051,千
4052,亿
4053,亿
4054,一
4055,八
4056,千
4057,亿
4058,千
4059,零
4060,九
4061,零
4062,一
4063,万
4064,八
4065,六
4066,一
4067,五
4068,八
4069,千
4070,六
4071,六
4072,五
4073,六
4074,七
4075,百
4076,七
4077,七
4078,四
4079,四
4080,五
4081,亿
4082,二
4083,六
4084,亿
4085,三
4086,千
4087,七
4088,千
4089,九
4090,六
4091,零
4092,五
4093,万
4094,零
4095,一
4096,二
4097,百
4098,一
4099,五
4100,五
4101,三
4102,千
4103,二
4104,三
4105,六
4106,十
4107,九
4108,二
4109,三
4110,千
4111,千
4112,七
4113,四
4114,百
4115,亿
4116,万
4117,二
4118,千
4119,十
4120,百
4121,一
4122,二
4123,亿
4124,五
4125,七
4126,一
4127,六
4128,一
4129,万
4130,四
4131,六
4132,三
4133,亿
4134,八
4135,一
4136,千
4137,八
4138,二
4139,三
4140,一
4141,九
4142,百
4143,二
4144,七
4145,六
4146,三
4147,七
4148,亿
4149,四
4150,五
4151,八
4152,亿
4153,亿
4154,千
4155,七
4156,七
4157,三
4158,三
4159,九
4160,亿
4161,一
4162,零
4163,七
4164,三
4165,亿
4166,百
4167,九
4168,零
4169,千
4170,万
4171,六
4172,亿
4173,二
4174,四
4175,百
4176,百
4177,十
4178,亿
4179,七
4180,七
4181,零
4182,万
4183,七
4184,亿
4185,万
4186,四
4187,二
4188,二
4189,八
4190,八
4191,十
4192,万
4193,七
4194,百
4195,二
4196,千
4197,二
4198,亿
4199,十
4200,一
4201,十
4202,七
4203,十
4204,九
4205,一
4206,五
4207,三
4208,二
4209,零
4210,亿
4211,五
4212,十
4213,千
4214,零
4215,九
4216,五
4217,三
4218,五
4219,一
4220,四
4221,七
4222,八
4223,百
4224,零
4225,千
4226,一
4227,零
4228,零
4229,四
4230,十
4231,千
4232,三
4233,七
4234,二
4235,百
4236,百
4237,五
4238,亿
4239,五
4240,千
4241,二
4242,六
4243,二
4244,万
4245,万
4246,九
4247,万
4248,一
4249,一
4250,六
4251,零
4252,六
4253,三
4254,四
4255,亿
4256,四
4257,八
4258,五
4259,零
4260,四
4261,四
4262,零
4263,六
4264,五
4265,万
4266,五
4267,亿
4268,五
4269,亿
4270,七
4271,亿
4272,四
4273,二
4274,九
4275,四
4276,四
4277,六
4278,六
4279,四
4280,九
4281,十
4282,万
4283,十
4284,十
4285,千
4286,万
4287,七
4288,九
4289,一
4290,千
4291,六
4292,二
4293,一
4294,零
4295,十
4296,五
4297,万
4298,二
4299,七
4300,一
4301,二
4302,万
4303,百
4304,一
4305,十
4306,零
4307,二
4308,百
4309,零
4310,百
4311,万
4312,八
4313,八
4314,千
4315,亿
4316,五
4317,九
4318,十
4319,万
4320,百
4321,三
4322,七
4323,万
4324,亿
4325,千
4326,亿
4327,亿
4328,一
4329,零
4330,七
4331,六
4332,万
4333,千
4334,十
4335,百
4336,十
4337,百
4338,三
4339,零
4340,零
4341,四
4342,十
4343,万
4344,八
4345,零
4346,四
4347,千
4348,千
4349,百
4350,千
4351,亿
4352,四
4353,八
4354,亿
4355,四
4356,千
4357,零
4358,六
4359,二
4360,零
4361,八
4362,零
4363,四
4364,八
4365,十
4366,六
4367,万
4368,万
4369,一
4370,亿
4371,八
4372,六
4373,四
4374,千
4375,亿
4376,三
4377,一
4378,九
4379,百
4380,八
4381,四
4382,千
4383,千
4384,百
4385,六
4386,七
4387,八
4388,四
4389,十
4390,九
4391,百
4392,六
4393,七
4394,四
4395,千
4396,二
4397,六
4398,五
4399,亿
4400,九
4401,万
4402,四
4403,八
4404,八
4405,九
4406,六
4407,四
4408,九
4409,四
4410,四
4411,一
4412,百
4413,千
4414,二
4415,万
4416,零
4417,亿
4418,千
4419,八
4420,八
4421,万
4422,四
4423,百
4424,八
4425,零
4426,二
4427,二
4428,六
4429,三
4430,四
4431,百
4432,七
4433,八
4434,五
4435,十
4436,六
4437,七
4438,七
4439,万
4440,五
4441,万
4442,四
4443,四
4444,万
4445,百
4446,万
4447,八
4448,五
4449,千
4450,万
4451,三
4452,八
4453,二
4454,十
4455,九
4456,四
4457,十
4458,千
4459,一
4460,亿
4461,二
4462,零
4463,百
4464,九
4465,千
4466,万
4467,八
4468,十
4469,四
4470,千
4471,五
4472,三
4473,百
4474,五
4475,千
4476,十
4477,四
4478,千
4479,五
4480,六
4481,九
4482,十
4483,百
4484,九
4485,一
4486,五
4487,百
4488,八
4489,九
4490,零
4491,百
4492,二
4493,三
4494,亿
4495,十
4496,八
4497,千
4498,六
4499,千
4500,千
4501,十
4502,四
4503,四
4504,四
4505,六
4506,一
4507,七
4508,七
4509,二
4510,万
4511,零
4512,七
4513,四
4514,百
4515,十
4516,万
4517,六
4518,五
4519,八
4520,亿
4521,四
4522,零
4523,三
4524,万
4525,零
4526,五
4527,一
4528,万
4529,百
4530,零
4531,三
4532,百
4533,二
4534,二
4535,七
4536,千
4537,五
4538,千
4539,七
4540,万
4541,亿
4542,八
4543,十
4544,二
4545,三
4546,五
4547,万
4548,三
4549,九
4550,零
4551,百
4552,百
4553,六
4554,七
4555,千
4556,六
4557,七
4558,三
4559,八
4560,三
4561,四
4562,一
4563,六
4564,千
4565,零
4566,七
4567,二
4568,百
4569,六
4570,二
4571,万
4572,五
4573,亿
4574,一
4575,十
4576,零
4577,三
4578,万
4579,九
4580,亿
4581,八
4582,六
4583,三
4584,五
4585,四
4586,二
4587,六
4588,六
4589,二
4590,五
4591,百
4592,六
4593,五
4594,六
4595,百
4596,六
4597,百
4598,千
4599,八
4600,九
4601,亿
4602,二
4603,八
4604,七
4605,百
4606,零
4607,亿
4608,五
4609,五
4610,五
4611,七
4612,三
4613,亿
4614,千
4615,六
4616,八
4617,三
4618,七
4619,百
4620,百
4621,五
4622,六
4623,五
4624,四
4625,十
4626,十
4627,亿
4628,一
4629,零
4630,三
4631,百
4632,八
4633,四
4634,二
4635,八
4636,三
4637,四
4638,七
4639,亿
4640,十
4641,九
4642,九
4643,一
4644,千
4645,万
4646,九
4647,一
4648,六
4649,亿
4650,五
4651,千
4652,三
4653,百
4654,十
4655,四
4656,六
4657,二
4658,九
4659,四
4660,千
4661,零
4662,八
4663,千
4664,十
4665,六
4666,万
4667,二
4668,七
4669,亿
4670,九
4671,万
4672,九
4673,三
4674,三
4675,八
4676,四
4677,四
4678,二
4679,八
4680,万
4681,亿
4682,零
4683,万
4684,亿
4685,零
4686,亿
4687,七
4688,八
4689,千
4690,零
4691,四
4692,六
4693,六
4694,四
4695,百
4696,三
4697,八
4698,百
4699,五
4700,十
4701,千
4702,千
4703,十
4704,二
4705,零
4706,零
4707,零
4708,四
4709,一
4710,十
4711,三
4712,亿
4713,七
4714,六
4715,一
4716,八
4717,三
4718,零
4719,零
4720,三
4721,万
4722,九
4723,七
4724,九
4725,十
4726,四
4727,千
4728,十
4729,零
4730,九
4731,万
4732,六
4733,六
4734,一
4735,千
4736,五
4737,千
4738,百
4739,零
4740,万
4741,十
4742,七
4743,零
4744,一
4745,二
4746,亿
4747,六
4748,三
4749,零
4750,亿
4751,七
4752,六
4753,千
4754,七
4755,七
4756,四
4757,二
4758,亿
4759,万
4760,百
4761,亿
4762,七
4763,万
4764,二
4765,九
4766,三
4767,十
4768,二
4769,亿
4770,九
4771,三
4772,六
4773,三
4774,六
4775,四
4776,六
4777,七
4778,七
4779,九
4780,百
4781,八
4782,五
4783,十
4784,零
4785,五
4786,万
4787,二
4788,一
4789,七
4790,百
4791,四
4792,九
4793,百
4794,一
4795,四
4796,亿
4797,九
4798,三
4799,千
4800,一
4801,亿
4802,六
4803,八
4804,七
4805,万
4806,千
4807,一
4808,四
4809,九
4810,百
4811,六
4812,零
4813,九
4814,千
4815,二
4816,十
4817,十
4818,七
4819,七
4820,百
4821,一
4822,亿
4823,七
4824,百
4825,六
4826,零
4827,八
4828,五
4829,四
4830,六
4831,九
4832,一
4833,九
4834,三
4835,三
4836,七
4837,七
4838,五
4839,八
4840,四
4841,零
4842,千
4843,千
4844,千
4845,十
4846,万
4847,千
4848,二
4849,九
4850,千
4851,六
4852,亿
4853,二
4854,七
4855,十
4856,一
4857,七
4858,一
4859,二
4860,六
4861,百
4862,百
4863,九
4864,三
4865,三
4866,万
4867,三
4868,十
4869,万
4870,八
4871,六
4872,九
4873,六
4874,百
4875,九
4876,七
4877,五
4878,七
4879,六
4880,八
4881,亿
4882,百
4883,亿
4884,万
4885,零
4886,十
4887,五
4888,六
4889,亿
4890,七
4891,六
4892,一
4893,二
4894,二
4895,四
4896,八
4897,七
4898,六
4899,六
4900,亿
4901,百
4902,五
4903,二
4904,二
4905,万
4906,七
4907,二
4908,二
4909,百
4910,二
4911,万
4912,零
4913,百
4914,一
4915,十
4916,一
4917,四
4918,八
4919,七
4920,万
4921,九
4922,六
4923,零
4924,六
4925,九
4926,千
4927,五
4928,七
4929,三
4930,二
4931,三
4932,五
4933,三
4934,亿
4935,二
4936,亿
4937,百
4938,六
4939,六
4940,零
4941,二
4942,一
4943,千
4944,四
4945,六
4946,六
4947,二
4948,百
4949,三
4950,万
4951,一
4952,九
4953,一
4954,八
4955,百
4956,八
4957,千
4958,千
4959,八
4960,亿
4961,八
4962,一
4963,五
4964,六
4965,一
4966,百
4967,四
4968,亿
4969,三
4970,八
4971,四
4972,百
4973,万
4974,九
4975,三
4976,二
4977,八
4978,七
4979,千
4980,七
4981,七
4982,三
4983,亿
4984,一
4985,五
4986,百
4987,亿
4988,零
4989,万
4990,九
4991,九
4992,五
4993,亿
4994,百
4995,四
4996,千
4997,千
4998,八
4999,万
5000,亿
5001,五
5002,零
5003,十
5004,亿
5005,千
5006,八
5007,一
5008,万
5009,六
5010,亿
5011,四
5012,二
5013,一
5014,亿
5015,七
5016,一
5017,一
5018,九
5019,四
5020,七
5021,百
5022,九
5023,千
5024,万
5025,二
5026,千
5027,五
5028,三
5029,九
5030,六
5031,五
5032,百
5033,千
5034,一
5035,万
5036,九
5037,四
5038,零
5039,七
5040,一
5041,六
5042,六
5043,四
5044,一
5045,六
5046,三
5047,万
5048,万
5049,四
5050,五
5051,十
5052,二
5053,三
5054,七
5055,零
5056,万
5057,六
5058,五
5059,亿
5060,五
5061,六
5062,六
5063,九
5064,百
5065,九
5066,四
5067,十
5068,九
5069,二
5070,一
5071,七
5072,千
5073,万
5074,三
5075,万
5076,六
5077,二
5078,万
5079,百
5080,亿
5081,八
5082,零
5083,三
5084,千
5085,九
5086,三
5087,一
5088,五
5089,十
5090,三
5091,八
5092,零
5093,千
5094,十
5095,五
5096,九
5097,四
5098,百
5099,三
5100,零
5101,二
5102,万
5103,千
5104,七
5105,七
5106,万
5107,九
5108,五
5109,三
5110,八
5111,五
5112,零
5113,百
5114,万
5115,亿
5116,百
5117,十
5118,八
5119,八
5120,七
5121,九
5122,八
5123,千
5124,十
5125,三
5126,零
5127,六
5128,百
5129,二
5130,六
5131,一
5132,八
5133,九
5134,亿
5135,六
5136,百
5137,五
5138,五
5139,四
5140,六
5141,五
5142,九
5143,一
5144,四
5145,千
5146,万
5147,八
5148,八
5149,零
5150,十
5151,三
5152,六
5153,二
5154,九
5155,七
5156,七
5157,零
5158,零
5159,二
5160,万
5161,零
5162,一
5163,六
5164,十
5165,一
5166,万
5167,十
5168,百
5169,九
5170,零
5171,七
5172,三
5173,亿
5174,零
5175,千
5176,千
5177,亿
5178,六
5179,二
5180,二
5181,九
5182,三
5183,九
5184,八
5185,十
5186,九
5187,亿
5188,一
5189,六
5190,七
5191,五
5192,亿
5193,一
5194,六
5195,六
5196,四
5197,九
5198,四
5199,亿
5200,七
5201,五
5202,三
5203,九
5204,二
5205,百
5206,千
5207,万
5208,百
5209,一
5210,亿
5211,千
5212,二
5213,一
5214,万
5215,零
5216,零
5217,千
5218,五
5219,四
5220,三
5221,七
5222,亿
5223,八
5224,二
5225,八
5226,五
5227,六
5228,六
5229,九
5230,零
5231,四
5232,千
5233,万
5234,二
5235,九
5236,二
5237,万
5238,八
5239,三
5240,六
5241,亿
5242,千
5243,一
5244,九
5245,一
5246,千
5247,万
5248,三
5249,零
5250,九
5251,六
5252,九
5253,五
5254,百
5255,三
5256,零
5257,百
5258,亿
5259,二
5260,百
5261,八
5262,百
5263,三
5264,二
5265,十
5266,零
5267,零
5268,十
5269,七
5270,三
5271,百
5272,六
5273,十
5274,八
5275,十
5276,八
5277,亿
5278,六
5279,九
5280,二
5281,二
5282,一
5283,三
5284,千
5285,二
5286,五
5287,百
5288,万
5289,百
5290,四
5291,零
5292,八
5293,二
5294,千
5295,百
5296,千
5297,九
5298,八
5299,八
5300,百
5301,一
5302,零
5303,百
5304,九
5305,三
5306,亿
5307,一
5308,二
5309,三
5310,百
5311,九
5312,二
5313,六
5314,四
5315,八
5316,三
5317,五
5318,九
5319,八
5320,八
5321,百
5322,五
5323,八
5324,三
5325,十
5326,九
5327,九
5328,七
5329,千
5330,十
5331,千
5332,二
5333,零
5334,四
5335,三
5336,亿
5337,百
5338,三
5339,一
5340,万
5341,零
5342,五
5343,五
5344,四
5345,三
5346,十
5347,二
5348,九
5349,四
5350,十
5351,九
5352,九
5353,十
5354,零
5355,百
5356,四
5357,二
5358,零
5359,五
5360,六
5361,四
5362,十
5363,四
5364,六
5365,十
5366,十
5367,千
5368,十
5369,万
5370,五
5371,一
5372,九
5373,二
5374,四
5375,四
5376,四
5377,七
5378,亿
5379,九
5380,亿
5381,三
5382,六
5383,二
5384,三
5385,二
5386,十
5387,十
5388,一
5389,万
5390,二
5391,七
5392,四
5393,四
5394,八
5395,亿
5396,万
5397,二
5398,万
5399,一
5400,四
5401,一
5402,亿
5403,二
5404,九
5405,六
5406,一
5407,八
5408,八
5409,六
5410,三
5411,十
5412,亿
5413,四
5414,三
5415,一
5416,亿
5417,一
5418,九
5419,六
5420,千
5421,百
5422,五
5423,零
5424,三
5425,八
5426,二
5427,万
5428,三
5429,九
5430,一
5431,五
5432,千
5433,万
5434,四
5435,亿
5436,八
5437,六
5438,六
5439,万
5440,八
5441,九
5442,百
5443,零
5444,六
5445,千
5446,四
5447,亿
5448,二
5449,十
5450,亿
5451,一
5452,零
5453,十
5454,亿
5455,七
5456,三
5457,五
5458,六
5459,三
5460,二
5461,九
5462,八
5463,一
5464,七
5465,十
5466,四
5467,七
5468,万
5469,九
5470,五
5471,百
5472,亿
5473,零
5474,百
5475,九
5476,百
5477,八
5478,二
5479,一
5480,百
5481,三
5482,亿
5483,三
5484,八
5485,亿
5486,十
5487,五
5488,六
5489,一
5490,千
5491,二
5492,八
5493,千
5494,千
5495,万
5496,七
5497,四
5498,零
5499,千
5500,十
5501,亿
5502,九
5503,万
5504,万
5505,四
5506,二
5507,一
5508,三
5509,八
5510,六
5511,亿
5512,十
5513,十
5514,一
5515,五
5516,万
5517,万
5518,万
5519,五
5520,千
5521,三
5522,零
5523,千
5524,万
5525,一
5526,万
5527,九
5528,七
5529,万
5530,万
5531,五
5532,二
5533,四
5534,千
5535,五
5536,二
5537,九
5538,一
5539,二
5540,九
5541,五
5542,三
5543,一
5544,四
5545,七
5546,零
5547,一
5548,零
5549,零
5550,十
5551,九
5552,零
5553,八
5554,七
5555,万
5556,八
5557,二
5558,百
5559,一
5560,二
5561,亿
5562,五
5563,百
5564,四
5565,百
5566,一
5567,零
5568,十
5569,亿
5570,百
5571,千
5572,六
5573,万
5574,八
5575,八
5576,三
5577,一
5578,十
5579,四
5580,四
5581,六
5582,五
5583,十
5584,六
5585,四
5586,五
5587,千
5588,二
5589,千
5590,一
5591,八
5592,千
5593,亿
5594,八
5595,百
5596,千
5597,三
5598,二
5599,六
5600,零
5601,四
5602,七
5603,二
5604,千
5605,四
5606,五
5607,零
5608,千
5609,四
5610,百
5611,万
5612,零
5613,七
5614,亿
5615,七
5616,七
5617,九
5618,九
5619,百
5620,一
5621,八
5622,千
5623,五
5624,八
5625,五
5626,一
5627,五
5628,九
5629,六
5630,十
5631,万
5632,万
5633,零
5634,六
5635,一
5636,千
5637,四
5638,三
5639,百
5640,百
5641,六
5642,万
5643,四
5644,十
5645,千
5646,九
5647,九
5648,三
5649,八
5650,八
5651,亿
5652,十
5653,百
5654,五
5655,亿
5656,三
5657,一
5658,百
5659,万
5660,百
5661,万
5662,亿
5663,十
5664,万
5665,四
5666,亿
5667,万
5668,八
5669,四
5670,零
5671,二
5672,十
5673,三
5674,零
5675,三
5676,五
5677,十
5678,四
5679,六
5680,一
5681,八
5682,亿
5683,十
5684,三
5685,九
5686,万
5687,六
5688,八
5689,四
5690,百
5691,五
5692,七
5693,亿
5694,七
5695,九
5696,十
5697,零
5698,三
5699,零
5700,四
5701,七
5702,二
5703,亿
5704,百
5705,七
5706,三
5707,三
5708,亿
5709,亿
5710,三
5711,一
5712,三
5713,七
5714,七
5715,万
5716,七
5717,百
5718,亿
5719,七
5720,百
5721,三
5722,百
5723,四
5724,八
5725,九
5726,八
5727,千
5728,十
5729,五
5730,十
5731,一
5732,九
5733,五
5734,七
5735,万
5736,五
5737,零
5738,千
5739,万
5740,五
5741,四
5742,万
5743,万
5744,七
5745,三
5746,亿
5747,百
5748,六
5749,十
5750,一
5751,九
5752,六
5753,二
5754,四
5755,二
5756,二
5757,五
5758,三
5759,八
5760,九
5761,八
5762,亿
5763,四
5764,亿
5765,百
5766,七
5767,千
5768,四
5769,七
5770,三
5771,一
5772,六
5773,三
5774,六
5775,一
5776,万
5777,百
5778,四
5779,二
5780,四
5781,四
5782,零
5783,九
5784,八
5785,五
5786,一
5787,千
5788,十
5789,四
5790,五
5791,六
5792,三
5793,三
5794,七
5795,九
5796,五
5797,九
5798,百
5799,零
5800,五
5801,零
5802,零
5803,五
5804,零
5805,零
5806,七
5807,二
5808,零
5809,十
5810,十
5811,零
5812,千
5813,八
5814,百
5815,万
5816,八
5817,七
5818,五
5819,八
5820,亿
5821,四
5822,三
5823,三
5824,一
5825,千
5826,七
5827,亿
5828,四
5829,亿
5830,八
5831,十
5832,千
5833,千
5834,万
5835,一
5836,五
5837,八
5838,七
5839,二
5840,四
5841,十
5842,十
5843,十
5844,八
5845,一
5846,万
5847,九
5848,百
5849,二
5850,百
5851,万
5852,一
5853,二
5854,八
5855,四
5856,一
5857,三
5858,六
5859,亿
5860,四
5861,六
5862,亿
5863,九
5864,十
5865,七
5866,二
5867,亿
5868,万
5869,四
5870,亿
5871,七
5872,三
5873,六
5874,亿
5875,三
5876,八
5877,四
5878,百
5879,百
5880,十
5881,七
5882,一
5883,十
5884,八
5885,七
5886,四
5887,七
5888,一
5889,五
5890,亿
5891,五
5892,零
5893,五
5894,二
5895,一
5896,六
5897,一
5898,九
5899,六
5900,八
5901,一
5902,十
5903,亿
5904,零
5905,千
5906,亿
5907,七
5908,五
5909,万
5910,三
5911,十
5912,五
5913,十
5914,十
5915,一
5916,八
5917,二
5918,三
5919,七
5920,十
5921,六
5922,八
5923,零
5924,千
5925,一
5926,五
5927,三
5928,千
5929,三
5930,七
5931,七
5932,千
5933,零
5934,千
5935,五
5936,五
5937,七
5938,九
5939,六
5940,八
5941,百
5942,二
5943,百
5944,十
5945,五
5946,七
5947,五
5948,万
5949,七
5950,一
5951,百
5952,零
5953,七
5954,千
5955,二
5956,亿
5957,十
5958,万
5959,二
5960,四
5961,八
5962,百
5963,百
5964,九
5965,百
5966,千
5967,零
5968,八
5969,零
5970,百
5971,十
5972,七
5973,零
5974,十
5975,零
5976,七
5977,三
5978,四
5979,八
5980,百
5981,百
5982,十
5983,十
5984,七
5985,二
5986,千
5987,八
5988,九
5989,十
5990,八
5991,四
5992,四
5993,五
5994,万
5995,二
5996,百
5997,九
5998,九
5999,八
6000,九
6001,三
6002,千
6003,七
6004,百
6005,十
6006,千
6007,八
6008,六
6009,四
6010,十
6011,九
6012,六
6013,八
6014,五
6015,十
6016,九
6017,八
6018,十
6019,九
6020,五
6021,亿
6022,九
6023,四
6024,零
6025,十
6026,百
6027,十
6028,七
6029,二
6030,百
6031,七
6032,七
6033,二
6034,五
6035,零
6036,五
6037,三
6038,八
6039,一
6040,百
6041,四
6042,五
6043,四
6044,六
6045,千
6046,亿
6047,八
6048,万
6049,十
6050,亿
6051,一
6052,万
6053,八
6054,百
6055,十
6056,九
6057,七
6058,六
6059,八
6060,七
6061,百
6062,四
6063,三
6064,九
6065,四
6066,百
6067,万
6068,亿
6069,亿
6070,四
6071,九
6072,亿
6073,亿
6074,零
6075,六
6076,九
6077,三
6078,零
6079,六
6080,千
6081,九
6082,六
6083,千
6084,二
6085,一
6086,零
6087,九
6088,三
6089,万
6090,零
6091,千
6092,二
6093,百
6094,万
6095,万
6096,一
6097,七
6098,六
6099,零
6100,万
6101,一
6102,万
6103,十
6104,六
6105,亿
6106,万
6107,三
6108,三
6109,六
6110,零
6111,三
6112,零
6113,千
6114,亿
6115,万
6116,二
6117,三
6118,十
6119,八
6120,十
6121,零
6122,六
6123,二
6124,零
6125,十
6126,九
6127,三
6128,三
6129,一
6130,七
6131,四
6132,百
6133,一
6134,十
6135,亿
6136,十
6137,三
6138,亿
6139,八
6140,百
6141,二
6142,九
6143,一
6144,十
6145,七
6146,八
6147,十
6148,百
6149,七
6150,百
6151,三
6152,四
6153,四
6154,十
6155,八
6156,六
6157,八
6158,亿
6159,百
6160,百
6161,四
6162,千
6163,七
6164,二
6165,一
6166,千
6167,二
6168,六
6169,五
6170,万
6171,三
6172,二
6173,三
6174,三
6175,五
6176,零
6177,八
6178,亿
6179,一
6180,八
6181,一
6182,二
6183,千
6184,四
6185,五
6186,十
6187,四
6188,万
6189,万
6190,亿
6191,七
6192,三
6193,万
6194,五
6195,七
6196,十
6197,八
6198,三
6199,零
6200,八
6201,四
6202,万
6203,八
6204,千
6205,六
6206,万
6207,千
6208,万
6209,百
6210,三
6211,三
6212,千
6213,七
6214,四
6215,千
6216,五
6217,一
6218,千
6219,万
6220,千
6221,一
6222,五
6223,四
6224,八
6225,十
6226,六
6227,万
6228,千
6229,五
6230,一
6231,九
6232,七
6233,八
6234,零
6235,亿
6236,万
6237,三
6238,亿
6239,万
6240,亿
6241,七
6242,二
6243,千
6244,万
6245,百
6246,六
6247,四
6248,十
6249,万
6250,十
6251,八
6252,三
6253,亿
6254,千
6255,亿
6256,五
6257,九
6258,八
6259,千
6260,八
6261,亿
6262,八
6263,二
6264,十
6265,四
6266,百
6267,二
6268,百
6269,一
6270,五
6271,千
6272,二
6273,一
6274,亿
6275,六
6276,亿
6277,五
6278,千
6279,五
6280,二
6281,二
6282,八
6283,万
6284,九
6285,八
6286,八
6287,零
6288,五
6289,亿
6290,六
6291,零
6292,六
6293,九
6294,二
6295,十
6296,亿
6297,万
6298,亿
6299,三
6300,九
6301,九
6302,七
6303,一
6304,九
6305,五
6306,千
6307,百
6308,二
6309,五
6310,八
6311,三
6312,百
6313,九
6314,七
6315,一
6316,一
6317,一
6318,三
6319,十
6320,千
6321,四
6322,七
6323,三
6324,万
6325,万
6326,一
6327,万
6328,零
6329,二
6330,三
6331,四
6332,亿
6333,百
6334,千
6335,八
6336,四
6337,九
6338,十
6339,万
6340,七
6341,七
6342,七
6343,亿
6344,十
6345,八
6346,九
6347,四
6348,千
6349,万
6350,千
6351,五
6352,九
6353,九
6354,零
6355,八
6356,八
6357,九
6358,亿
6359,十
6360,零
6361,零
6362,七
6363,二
6364,千
6365,千
6366,六
6367,零
6368,二
6369,千
6370,四
6371,百
6372,六
6373,千
6374,千
6375,十
6376,百
6377,二
6378,四
6379,三
6380,五
6381,八
6382,零
6383,十
6384,五
6385,七
6386,一
6387,五
6388,零
6389,五
6390,万
6391,七
6392,七
6393,百
6394,二
6395,零
6396,九
6397,八
6398,二
6399,四
6400,四
6401,零
6402,零
6403,千
6404,千
6405,万
6406,万
6407,九
6408,一
6409,五
6410,万
6411,亿
6412,九
6413,万
6414,百
6415,七
6416,百
6417,万
6418,一
6419,四
6420,零
6421,八
6422,零
6423,六
6424,亿
6425,五
6426,四
6427,万
6428,万
6429,五
6430,四
6431,七
6432,三
6433,四
6434,二
6435,零
6436,一
6437,亿
6438,零
6439,百
6440,万
6441,二
6442,零
6443,三
6444,五
6445,二
6446,一
6447,零
6448,千
6449,二
6450,万
6451,八
6452,亿
6453,零
6454,三
6455,八
6456,十
6457,十
6458,三
6459,三
6460,九
6461,二
6462,十
6463,二
6464,三
6465,万
6466,千
6467,零
6468,八
6469,十
6470,二
6471,六
6472,七
6473,五
6474,零
6475,亿
6476,八
6477,百
6478,零
6479,七
6480,八
6481,万
6482,五
6483,四
6484,四
6485,十
6486,十
6487,四
6488,三
6489,五
6490,七
6491,三
6492,十
6493,零
6494,六
6495,九
6496,万
6497,一
6498,百
6499,四
6500,百
6501,零
6502,十
6503,七
6504,二
6505,六
6506,一
6507,四
6508,九
6509,二
6510,五
6511,七
6512,一
6513,七
6514,一
6515,百
6516,七
6517,三
6518,百
6519,八
6520,万
6521,亿
6522,六
6523,四
6524,十
6525,千
6526,三
6527,七
6528,二
6529,二
6530,八
6531,一
6532,三
6533,十
6534,零
6535,三
6536,千
6537,二
6538,千
6539,零
6540,八
6541,百
6542,九
6543,亿
6544,八
6545,六
6546,百
6547,万
6548,亿
6549,零
6550,零
6551,五
6552,三
6553,千
6554,八
6555,二
6556,九
6557,十
6558,三
6559,零
6560,九
6561,四
6562,十
6563,二
6564,万
6565,六
6566,零
6567,九
6568,万
6569,零
6570,一
6571,亿
6572,八
6573,五
6574,六
6575,百
6576,七
6577,七
6578,三
6579,十
6580,七
6581,零
6582,九
6583,五
6584,十
6585,六
6586,八
6587,亿
6588,二
6589,二
6590,五
6591,百
6592,二
6593,四
6594,七
6595,零
6596,百
6597,二
6598,六
6599,六
6600,千
6601,八
6602,亿
6603,六
6604,六
6605,万
6606,二
6607,四
6608,万
6609,万
6610,亿
6611,一
6612,十
6613,百
6614,二
6615,二
6616,二
6617,零
6618,十
6619,万
6620,零
6621,三
6622,亿
6623,二
6624,六
6625,十
6626,三
6627,一
6628,百
6629,零
6630,七
6631,四
6632,四
6633,五
6634,百
6635,九
6636,七
6637,六
6638,十
6639,七
6640,七
6641,十
6642,万
6643,四
6644,六
6645,十
6646,八
6647,万
6648,千
6649,六
6650,零
6651,六
6652,亿
6653,四
6654,零
6655,千
6656,七
6657,十
6658,七
6659,一
6660,亿
6661,千
6662,万
6663,零
6664,亿
6665,百
6666,九
6667,六
6668,九
6669,二
6670,五
6671,二
6672,二
6673,三
6674,六
6675,零
6676,一
6677,千
6678,万
6679,三
6680,三
6681,二
6682,八
6683,九
6684,六
6685,零
6686,亿
6687,三
6688,亿
6689,一
6690,九
6691,千
6692,四
6693,九
6694,八
6695,二
6696,五
6697,六
6698,二
6699,十
6700,千
6701,零
6702,六
6703,五
6704,四
6705,亿
6706,三
6707,三
6708,九
6709,八
6710,九
6711,零
6712,百
6713,一
6714,五
6715,五
6716,七
6717,八
6718,六
6719,二
6720,五
6721,三
6722,六
6723,千
6724,零
6725,零
6726,零
6727,八
6728,五
6729,一
6730,十
6731,八
6732,一
6733,四
6734,九
6735,十
6736,三
6737,八
6738,四
6739,七
6740,二
6741,七
6742,四
6743,二
6744,九
6745,零
6746,八
6747,六
6748,亿
6749,四
6750,零
6751,四
6752,一
6753,六
6754,三
6755,四
6756,十
6757,七
6758,二
6759,九
6760,八
6761,七
6762,十
6763,九
6764,二
6765,一
6766,万
6767,三
6768,一
6769,五
6770,四
6771,零
6772,零
6773,百
6774,亿
6775,一
6776,十
6777,万
6778,千
6779,二
6780,四
6781,万
6782,千
6783,一
6784,五
6785,七
6786,十
6787,三
6788,四
6789,百
6790,亿
6791,万
6792,八
6793,二
6794,一
6795,二
6796,百
6797,亿
6798,亿
6799,七
6800,六
6801,百
6802,百
6803,零
6804,四
6805,四
6806,六
6807,六
6808,四
6809,八
6810,九
6811,千
6812,五
6813,三
6814,零
6815,亿
6816,十
6817,二
6818,五
6819,七
6820,八
6821,五
6822,五
6823,五
6824,百
6825,六
6826,万
6827,三
6828,六
6829,二
6830,七
6831,五
6832,四
6833,五
6834,十
6835,零
6836,万
6837,六
6838,万
6839,八
6840,六
6841,三
6842,一
6843,九
6844,十
6845,千
6846,亿
6847,八
6848,三
6849,百
6850,二
6851,零
6852,七
6853,七
6854,万
6855,万
6856,亿
6857,六
6858,九
6859,一
6860,六
6861,二
6862,四
6863,百
6864,六
6865,七
6866,百
6867,七
6868,九
6869,四
6870,二
6871,六
6872,七
6873,五
6874,亿
6875,八
6876,零
6877,零
6878,六
6879,六
6880,千
6881,一
6882,亿
6883,五
6884,千
6885,九
6886,七
6887,八
6888,六
6889,八
6890,八
6891,一
6892,五
6893,八
6894,八
6895,七
6896,十
6897,九
6898,亿
6899,十
6900,六
6901,亿
6902,零
6903,六
6904,八
6905,三
6906,三
6907,千
6908,零
6909,十
6910,千
6911,二
6912,二
6913,一
6914,四
6915,三
6916,千
6917,十
6918,三
6919,亿
6920,一
6921,七
6922,八
6923,一
6924,六
6925,九
6926,九
6927,八
6928,一
6929,五
6930,三
6931,十
6932,一
6933,三
6934,千
6935,零
6936,千
6937,二
6938,十
6939,亿
6940,万
6941,六
6942,千
6943,亿
6944,十
6945,二
6946,七
6947,万
6948,七
6949,十
6950,零
6951,三
6952,八
6953,二
6954,三
6955,六
6956,八
6957,零
6958,九
6959,亿
6960,亿
6961,十
6962,亿
6963,百
6964,百
6965,九
6966,万
6967,亿
6968,四
6969,三
6970,一
6971,四
6972,千
6973,五
6974,九
6975,万
6976,零
6977,四
6978,七
6979,一
6980,五
6981,亿
6982,六
6983,八
6984,九
6985,七
6986,二
6987,零
6988,百
6989,七
6990,千
6991,零
6992,七
6993,千
6994,三
6995,二
6996,八
6997,百
6998,十
6999,十
7000,一
7001,四
7002,二
7003,二
7004,百
7005,一
7006,二
7007,十
7008,零
7009,五
7010,六
7011,七
7012,八
7013,九
7014,四
7015,十
7016,二
7017,九
7018,九
7019,九
7020,零
7021,万
7022,万
7023,二
7024,万
7025,九
7026,三
7027,千
7028,千
7029,二
7030,一
7031,亿
7032,八
7033,八
7034,六
7035,九
7036,七
7037,三
7038,九
7039,六
7040,五
7041,五
7042,八
7043,二
7044,三
7045,一
7046,四
7047,六
7048,千
7049,万
7050,百
7051,二
7052,九
7053,万
7054,二
7055,亿
7056,九
7057,六
7058,四
7059,千
7060,五
7061,一
7062,三
7063,百
7064,六
7065,零
7066,九
7067,千
7068,四
7069,七
7070,亿
7071,一
7072,八
7073,百
7074,五
7075,八
7076,三
7077,七
7078,二
7079,五
7080,十
7081,零
7082,亿
7083,一
7084,四
7085,六
7086,百
7087,千
7088,零
7089,九
7090,亿
7091,四
7092,六
7093,十
7094,八
7095,零
7096,亿
7097,三
7098,零
7099,四
7100,零
7101,七
7102,三
7103,二
7104,一
7105,千
7106,四
7107,零
7108,二
7109,三
7110,一
7111,二
7112,五
7113,七
7114,万
7115,六
7116,七
7117,一
7118,千
7119,万
7120,九
7121,六
7122,四
7123,八
7124,八
7125,六
7126,万
7127,二
7128,九
7129,百
7130,七
7131,十
7132,六
7133,七
7134,四
7135,亿
7136,六
7137,一
7138,九
7139,百
7140,五
7141,七
7142,一
7143,八
7144,二
7145,百
7146,五
7147,万
7148,七
7149,零
7150,一
7151,五
7152,十
7153,五
7154,百
7155,九
7156,五
7157,万
7158,九
7159,一
7160,百
7161,九
7162,零
7163,七
7164,亿
7165,六
7166,万
7167,五
7168,亿
7169,八
7170,九
7171,八
7172,七
7173,三
7174,万
7175,千
7176,八
7177,四
7178,六
7179,千
7180,亿
7181,九
7182,六
7183,亿
7184,亿
7185,万
7186,千
7187,亿
7188,五
7189,亿
7190,零
7191,八
7192,零
7193,百
7194,二
7195,零
7196,三
7197,亿
7198,零
7199,万
7200,万
7201,六
7202,八
7203,七
7204,万
7205,十
7206,千
7207,一
7208,一
7209,万
7210,六
7211,七
7212,零
7213,六
7214,五
7215,一
7216,百
7217,百
7218,零
7219,万
7220,八
7221,一
7222,四
7223,百
7224,百
7225,八
7226,一
7227,零
7228,六
7229,零
7230,九
7231,十
7232,一
7233,一
7234,十
7235,一
7236,八
7237,十
7238,五
7239,千
7240,八
7241,一
7242,九
7243,六
7244,亿
7245,零
7246,二
7247,亿
7248,六
7249,七
7250,万
7251,九
7252,零
7253,零
7254,一
7255,五
7256,八
7257,万
7258,九
7259,百
7260,亿
7261,亿
7262,万
7263,一
7264,百
7265,百
7266,九
7267,三
7268,三
7269,零
7270,八
7271,百
7272,万
7273,亿
7274,四
7275,五
7276,二
7277,二
7278,七
7279,零
7280,百
7281,八
7282,四
7283,万
7284,八
7285,七
7286,万
7287,八
7288,三
7289,四
7290,千
7291,一
7292,五
7293,五
7294,二
7295,八
7296,三
7297,一
7298,八
7299,十
7300,零
7301,五
7302,千
7303,四
7304,零
7305,五
7306,零
7307,三
7308,四
7309,九
7310,九
7311,九
7312,五
7313,十
7314,四
7315,亿
7316,十
7317,六
7318,二
7319,八
7320,百
7321,二
7322,零
7323,五
7324,千
7325,六
7326,四
7327,零
7328,百
7329,八
7330,八
7331,万
7332,一
7333,三
7334,二
7335,千
7336,三
7337,百
7338,万
7339,十
7340,亿
7341,万
7342,七
7343,四
7344,四
7345,十
7346,百
7347,万
7348,万
7349,百
7350,五
7351,二
7352,万
7353,二
7354,万
7355,十
7356,百
7357,三
7358,亿
7359,零
7360,一
7361,六
7362,千
7363,十
7364,九
7365,九
7366,十
7367,三
7368,六
7369,千
7370,亿
7371,千
7372,亿
7373,八
7374,五
7375,二
7376,九
7377,二
7378,三
7379,四
7380,三
7381,七
7382,千
7383,十
7384,八
7385,一
7386,九
7387,万
7388,百
7389,六
7390,七
7391,千
7392,一
7393,二
7394,九
7395,四
7396,千
7397,七
7398,四
7399,三
7400,五
7401,千
7402,万
7403,三
7404,八
7405,一
7406,千
7407,七
7408,亿
7409,八
7410,十
7411,四
7412,四
7413,二
7414,七
7415,百
7416,六
7417,六
7418,六
7419,九
7420,九
7421,四
7422,千
7423,八
7424,十
7425,亿
7426,万
7427,十
7428,千
7429,七
7430,三
7431,十
7432,七
7433,千
7434,五
7435,亿
7436,百
7437,二
7438,千
7439,四
7440,五
7441,一
7442,一
7443,五
7444,万
7445,零
7446,四
7447,七
7448,三
7449,亿
7450,万
7451,一
7452,万
7453,四
7454,零
7455,六
7456,八
7457,二
7458,五
7459,百
7460,九
7461,三
7462,一
7463,十
7464,十
7465,四
7466,七
7467,万
7468,七
7469,五
7470,四
7471,三
7472,六
7473,五
7474,百
7475,一
7476,一
7477,万
7478,亿
7479,四
7480,二
7481,亿
7482,百
7483,三
7484,亿
7485,三
7486,三
7487,七
7488,万
7489,亿
7490,万
7491,十
7492,十
7493,百
7494,五
7495,万
7496,一
7497,三
7498,九
7499,六
7500,零
7501,十
7502,零
7503,亿
7504,九
7505,八
7506,六
7507,千
7508,四
7509,零
7510,十
7511,三
7512,零
7513,亿
7514,零
7515,五
7516,亿
7517,十
7518,十
7519,六
7520,一
7521,十
7522,千
7523,万
7524,六
7525,六
7526,三
7527,万
7528,七
7529,亿
7530,九
7531,二
7532,亿
7533,五
7534,九
7535,百
7536,七
7537,八
7538,千
7539,六
7540,千
7541,百
7542,七
7543,一
7544,二
7545,千
7546,五
7547,一
7548,七
7549,十
7550,零
7551,十
7552,六
7553,二
7554,九
7555,百
7556,三
7557,三
7558,九
7559,四
7560,零
7561,八
7562,五
7563,万
7564,八
7565,零
7566,六
7567,九
7568,万
7569,零
7570,十
7571,四
7572,万
7573,九
7574,二
7575,千
7576,零
7577,千
7578,六
7579,亿
7580,百
7581,四
7582,十
7583,百
7584,万
7585,五
7586,三
7587,四
7588,千
7589,十
7590,四
7591,九
7592,八
7593,十
7594,亿
7595,一
7596,五
7597,八
7598,二
7599,亿
7600,亿
7601,六
7602,二
7603,六
7604,一
7605,八
7606,四
7607,亿
7608,千
7609,一
7610,万
7611,二
7612,五
7613,九
7614,六
7615,一
7616,六
7617,五
7618,六
7619,三
7620,零
7621,百
7622,八
7623,千
7624,十
7625,五
7626,五
7627,零
7628,五
7629,九
7630,百
7631,八
7632,三
7633,六
7634,八
7635,千
7636,八
7637,五
7638,十
7639,亿
7640,零
7641,百
7642,万
7643,百
7644,八
7645,千
7646,一
7647,一
7648,千
7649,三
7650,一
7651,十
7652,六
7653,四
7654,六
7655,九
7656,八
7657,零
7658,二
7659,九
7660,万
7661,千
7662,十
7663,六
7664,百
7665,八
7666,亿
7667,九
7668,万
7669,二
7670,三
7671,四
7672,千
7673,三
7674,万
7675,十
7676,亿
7677,二
7678,九
7679,百
7680,八
7681,四
7682,一
7683,四
7684,五
7685,百
7686,九
7687,四
7688,百
7689,百
7690,二
7691,亿
7692,七
7693,九
7694,九
7695,亿
7696,一
7697,十
7698,八
7699,八
7700,五
7701,七
7702,十
7703,六
7704,零
7705,千
7706,九
7707,七
7708,百
7709,四
7710,七
7711,千
7712,万
7713,三
7714,三
7715,三
7716,十
7717,七
7718,五
7719,三
7720,十
7721,一
7722,三
7723,零
7724,四
7725,九
7726,八
7727,九
7728,九
7729,五
7730,万
7731,八
7732,一
7733,一
7734,百
7735,千
7736,五
7737,四
7738,二
7739,三
7740,百
7741,五
7742,亿
7743,零
7744,千
7745,八
7746,一
7747,一
7748,十
7749,一
7750,四
7751,八
7752,五
7753,九
7754,十
7755,零
7756,万
7757,七
7758,九
7759,四
7760,八
7761,五
7762,六
7763,二
7764,十
7765,万
7766,一
7767,五
7768,万
7769,三
7770,九
7771,零
7772,八
7773,千
7774,六
7775,六
7776,五
7777,六
7778,七
7779,亿
7780,五
7781,零
7782,一
7783,八
7784,百
7785,三
7786,百
7787,五
7788,亿
7789,一
7790,千
7791,九
7792,十
7793,八
7794,七
7795,二
7796,六
7797,千
7798,二
7799,十
7800,二
7801,七
7802,七
7803,九
7804,五
7805,八
7806,七
7807,十
7808,八
7809,九
7810,六
7811,二
7812,零
7813,八
7814,百
7815,十
7816,九
7817,百
7818,九
7819,千
7820,二
7821,零
7822,百
7823,零
7824,七
7825,三
7826,四
7827,五
7828,八
7829,四
7830,百
7831,三
7832,八
7833,亿
7834,七
7835,五
7836,千
7837,万
7838,零
7839,七
7840,百
7841,三
7842,万
7843,亿
7844,万
7845,二
7846,五
7847,一
7848,三
7849,五
7850,千
7851,百
7852,万
7853,三
7854,千
7855,七
7856,五
7857,万
7858,亿
7859,万
7860,十
7861,七
7862,七
7863,九
7864,万
7865,零
7866,十
7867,三
7868,七
7869,五
7870,七
7871,七
7872,一
7873,八
7874,十
7875,十
7876,千
7877,千
7878,零
7879,零
7880,八
7881,千
7882,三
7883,二
7884,二
7885,千
7886,亿
7887,六
7888,九
7889,七
7890,千
7891,五
7892,七
7893,十
7894,千
7895,千
7896,四
7897,四
7898,五
7899,五
7900,四
7901,六
7902,一
7903,七
7904,三
7905,九
7906,七
7907,三
7908,亿
7909,二
7910,千
7911,一
7912,三
7913,八
7914,九
7915,六
7916,六
7917,一
7918,九
7919,百
7920,万
7921,三
7922,十
7923,七
7924,千
7925,零
7926,五
7927,六
7928,五
7929,零
7930,七
7931,七
7932,一
7933,万
7934,百
7935,万
7936,千
7937,四
7938,四
7939,六
7940,五
7941,亿
7942,万
7943,六
7944,二
7945,三
7946,零
7947,七
7948,九
7949,万
7950,六
7951,七
7952,七
7953,万
7954,亿
7955,零
7956,九
7957,三
7958,零
7959,六
7960,七
7961,二
7962,四
7963,一
7964,八
7965,一
7966,四
7967,亿
7968,四
7969,七
7970,亿
7971,一
7972,四
7973,十
7974,七
7975,八
7976,八
7977,一
7978,百
7979,亿
7980,百
7981,万
7982,四
7983,三
7984,亿
7985,五
7986,千
7987,三
7988,百
7989,六
7990,八
7991,百
7992,三
7993,千
7994,三
7995,百
7996,八
7997,百
7998,千
7999,十
8000,六
8001,二
8002,二
8003,四
8004,三
8005,三
8006,十
8007,四
8008,零
8009,五
8010,八
8011,五
8012,千
8013,万
8014,亿
8015,百
8016,九
8017,亿
8018,四
8019,零
8020,亿
8021,零
8022,百
8023,一
8024,八
8025,亿
8026,五
8027,七
8028,九
8029,六
8030,六
8031,七
8032,十
8033,七
8034,五
8035,一
8036,九
8037,九
8038,亿
8039,十
8040,百
8041,二
8042,六
8043,百
8044,百
8045,四
8046,百
8047,三
8048,九
8049,八
8050,九
8051,一
8052,七
8053,万
8054,百
8055,九
8056,六
8057,四
8058,零
8059,七
8060,千
8061,四
8062,一
8063,五
8064,百
8065,九
8066,四
8067,千
8068,三
8069,三
8070,一
8071,零
8072,一
8073,三
8074,千
8075,百
8076,三
8077,三
8078,万
8079,九
8080,三
8081,一
8082,零
8083,八
8084,一
8085,二
8086,零
8087,八
8088,六
8089,三
8090,八
8091,六
8092,零
8093,二
8094,五
8095,五
8096,八
8097,六
8098,四
8099,零
8100,六
8101,四
8102,二
8103,万
8104,四
8105,八
8106,九
8107,三
8108,一
8109,二
8110,七
8111,一
8112,十
8113,一
8114,亿
8115,八
8116,千
8117,九
8118,七
8119,千
8120,五
8121,七
8122,十
8123,千
8124,亿
8125,千
8126,四
8127,四
8128,九
8129,五
8130,万
8131,四
8132,万
8133,万
8134,八
8135,五
8136,万
8137,三
8138,四
8139,六
8140,万
8141,六
8142,千
8143,十
8144,二
8145,五
8146,四
8147,百
8148,万
8149,二
8150,四
8151,零
8152,百
8153,六
8154,二
8155,四
8156,五
8157,千
8158,三
8159,一
8160,亿
8161,四
8162,千
8163,百
8164,零
8165,千
8166,九
8167,九
8168,六
8169,一
8170,零
8171,百
8172,九
8173,五
8174,九
8175,零
8176,四
8177,五
8178,一
8179,六
8180,五
8181,十
8182,三
8183,零
8184,七
8185,百
8186,九
8187,一
8188,二
8189,九
8190,零
8191,零
8192,六
8193,二
8194,零
8195,千
8196,百
8197,亿
8198,七
8199,十
8200,十
8201,千
8202,一
8203,三
8204,三
8205,亿
8206,二
8207,七
8208,八
8209,五
8210,三
8211,二
8212,九
8213,千
8214,八
8215,四
8216,十
8217,四
8218,九
8219,千
8220,亿
8221,七
8222,亿
8223,八
8224,六
8225,六
8226,八
8227,五
8228,五
8229,千
8230,八
8231,三
8232,四
8233,二
8234,百
8235,七
8236,七
8237,十
8238,六
8239,百
8240,百
8241,千
8242,零
8243,万
8244,三
8245,九
8246,千
8247,六
8248,万
8249,二
8250,十
8251,三
8252,八
8253,三
8254,一
8255,十
8256,零
8257,千
8258,一
8259,二
8260,万
8261,九
8262,九
8263,八
8264,万
8265,六
8266,五
8267,百
8268,九
8269,四
8270,十
8271,四
8272,万
8273,九
8274,亿
8275,四
8276,一
8277,三
8278,三
8279,九
8280,零
8281,七
8282,二
8283,千
8284,一
8285,亿
8286,五
8287,四
8288,五
8289,亿
8290,七
8291,六
8292,三
8293,千
8294,十
8295,一
8296,三
8297,零
8298,五
8299,二
8300,四
8301,八
8302,亿
8303,六
8304,六
8305,百
8306,七
8307,九
8308,万
8309,四
8310,六
8311,八
8312,千
8313,八
8314,九
8315,零
8316,五
8317,一
8318,四
8319,一
8320,八
8321,七
8322,三
8323,七
8324,五
8325,五
8326,亿
8327,一
8328,三
8329,千
8330,六
8331,万
8332,千
8333,六
8334,百
8335,百
8336,六
8337,百
8338,十
8339,亿
8340,百
8341,百
8342,三
8343,一
8344,亿
8345,百
8346,六
8347,三
8348,百
8349,千
8350,九
8351,三
8352,四
8353,六
8354,五
8355,亿
8356,九
8357,七
8358,百
8359,九
8360,五
8361,一
8362,一
8363,亿
8364,万
8365,九
8366,万
8367,万
8368,四
8369,零
8370,百
8371,一
8372,七
8373,五
8374,九
8375,亿
8376,零
8377,千
8378,七
8379,亿
8380,四
8381,一
8382,五
8383,二
8384,百
8385,五
8386,八
8387,千
8388,一
8389,七
8390,二
8391,二
8392,六
8393,四
8394,万
8395,百
8396,万
8397,千
8398,三
8399,千
8400,万
8401,千
8402,十
8403,万
8404,四
8405,零
8406,二
8407,亿
8408,四
8409,二
8410,万
8411,零
8412,四
8413,四
8414,八
8415,七
8416,十
8417,二
8418,二
8419,六
8420,四
8421,十
8422,七
8423,万
8424,十
8425,一
8426,九
8427,六
8428,三
8429,百
8430,百
8431,一
8432,五
8433,四
8434,六
8435,四
8436,亿
8437,六
8438,亿
8439,亿
8440,七
8441,零
8442,四
8443,千
8444,十
8445,八
8446,四
8447,六
8448,三
8449,一
8450,七
8451,万
8452,零
8453,亿
8454,二
8455,九
8456,一
8457,千
8458,九
8459,四
8460,一
8461,二
8462,零
8463,六
8464,九
8465,四
8466,五
8467,千
8468,九
8469,四
8470,二
8471,二
8472,二
8473,六
8474,千
8475,五
8476,万
8477,百
8478,七
8479,九
8480,五
8481,六
8482,八
8483,七
8484,一
8485,五
8486,万
8487,三
8488,一
8489,三
8490,五
8491,百
8492,六
8493,一
8494,千
8495,三
8496,五
8497,三
8498,一
8499,九
8500,千
8501,三
8502,亿
8503,十
8504,亿
8505,百
8506,十
8507,零
8508,八
8509,零
8510,亿
8511,五
8512,七
8513,万
8514,六
8515,零
8516,二
8517,二
8518,十
8519,八
8520,五
8521,万
8522,九
8523,一
8524,七
8525,十
8526,零
8527,万
8528,九
8529,一
8530,百
8531,八
8532,五
8533,四
8534,二
8535,千
8536,十
8537,百
8538,十
8539,四
8540,八
8541,五
8542,七
8543,五
8544,亿
8545,万
8546,一
8547,零
8548,零
8549,八
8550,二
8551,五
8552,万
8553,千
8554,七
8555,五
8556,一
8557,三
8558,亿
8559,十
8560,万
8561,八
8562,百
8563,九
8564,千
8565,四
8566,二
8567,万
8568,四
8569,零
8570,万
8571,万
8572,万
8573,三
8574,一
8575,五
8576,九
8577,万
8578,百
8579,二
8580,一
8581,五
8582,亿
8583,五
8584,二
8585,亿
8586,二
8587,四
8588,亿
8589,七
8590,十
8591,七
8592,六
8593,六
8594,四
8595,七
8596,千
8597,一
8598,七
8599,六
8600,三
8601,四
8602,一
8603,零
8604,亿
8605,零
8606,四
8607,九
8608,三
8609,八
8610,千
8611,十
8612,亿
8613,三
8614,五
8615,七
8616,三
8617,十
8618,八
8619,百
8620,一
8621,亿
8622,九
8623,亿
8624,十
8625,百
8626,零
8627,四
8628,千
8629,万
8630,八
8631,百
8632,一
8633,三
8634,千
8635,千
8636,二
8637,百
8638,千
8639,二
8640,七
8641,百
8642,万
8643,亿
8644,四
8645,百
8646,二
8647,五
8648,五
8649,三
8650,六
8651,九
8652,百
8653,零
8654,八
8655,三
8656,万
8657,六
8658,十
8659,四
8660,九
8661,亿
8662,六
8663,亿
8664,七
8665,千
8666,四
8667,三
8668,九
8669,一
8670,二
8671,十
8672,八
8673,八
8674,八
8675,千
8676,七
8677,百
8678,七
8679,八
8680,五
8681,八
8682,亿
8683,九
8684,八
8685,十
8686,三
8687,三
8688,百
8689,亿
8690,亿
8691,五
8692,七
8693,一
8694,七
8695,八
8696,二
8697,五
8698,五
8699,九
8700,一
8701,零
8702,亿
8703,三
8704,十
8705,一
8706,亿
8707,一
8708,六
8709,一
8710,万
8711,十
8712,一
8713,十
8714,六
8715,十
8716,十
8717,七
8718,万
8719,万
8720,七
8721,十
8722,八
8723,百
8724,六
8725,十
8726,零
8727,亿
8728,千
8729,九
8730,亿
8731,五
8732,九
8733,五
8734,三
8735,十
8736,二
8737,八
8738,千
8739,三
8740,六
8741,六
8742,八
8743,六
8744,五
8745,千
8746,八
8747,亿
8748,十
8749,五
8750,六
8751,三
8752,八
8753,一
8754,八
8755,五
8756,六
8757,二
8758,千
8759,六
8760,四
8761,八
8762,千
8763,九
8764,千
8765,二
8766,一
8767,亿
8768,零
8769,千
8770,六
8771,七
8772,三
8773,八
8774,八
8775,九
8776,九
8777,八
8778,一
8779,四
8780,七
8781,六
8782,万
8783,五
8784,八
8785,一
8786,亿
8787,一
8788,亿
8789,五
8790,六
8791,三
8792,五
8793,万
8794,八
8795,亿
8796,七
8797,三
8798,万
8799,二
8800,四
8801,七
8802,十
8803,万
8804,二
8805,十
8806,万
8807,八
8808,四
8809,二
8810,百
8811,亿
8812,百
8813,百
8814,五
8815,零
8816,七
8817,八
8818,百
8819,五
8820,四
8821,五
8822,十
8823,四
8824,二
8825,八
8826,亿
8827,一
8828,一
8829,百
8830,万
8831,一
8832,三
8833,七
8834,一
8835,七
8836,三
8837,一
8838,三
8839,一
8840,五
8841,二
8842,亿
8843,九
8844,三
8845,零
8846,二
8847,三
8848,七
8849,一
8850,五
8851,零
8852,二
8853,七
8854,二
8855,二
8856,二
8857,七
8858,四
8859,三
8860,零
8861,千
8862,一
8863,零
8864,万
8865,一
8866,四
8867,九
8868,十
8869,一
8870,十
8871,零
8872,万
8873,千
8874,百
8875,六
8876,十
8877,四
8878,六
8879,六
8880,五
8881,千
8882,一
8883,七
8884,万
8885,二
8886,五
8887,十
8888,千
8889,四
8890,十
8891,零
8892,四
8893,八
8894,九
8895,百
8896,四
8897,十
8898,一
8899,六
8900,一
8901,千
8902,亿
8903,亿
8904,亿
8905,五
8906,亿
8907,万
8908,七
8909,百
8910,二
8911,十
8912,七
8913,四
8914,四
8915,七
8916,五
8917,亿
8918,亿
8919,七
8920,万
8921,百
8922,万
8923,三
8924,五
8925,七
8926,万
8927,零
8928,万
8929,百
8930,亿
8931,五
8932,三
8933,一
8934,十
8935,九
8936,五
8937,万
8938,零
8939,亿
8940,百
8941,一
8942,百
8943,零
8944,六
8945,四
8946,八
8947,七
8948,九
8949,五
8950,六
8951,六
8952,二
8953,百
8954,七
8955,二
8956,万
8957,三
8958,百
8959,五
8960,六
8961,八
8962,百
8963,一
8964,一
8965,千
8966,百
8967,四
8968,六
8969,亿
8970,万
8971,七
8972,二
8973,六
8974,十
8975,五
8976,万
8977,零
8978,五
8979,八
8980,千
8981,二
8982,三
8983,百
8984,四
8985,八
8986,零
8987,千
8988,八
8989,十
8990,千
8991,百
8992,七
8993,一
8994,八
8995,五
8996,千
8997,亿
8998,千
8999,五
9000,千
9001,万
9002,五
9003,七
9004,万
9005,五
9006,百
9007,千
9008,九
9009,五
9010,三
9011,万
9012,九
9013,七
9014,六
9015,万
9016,八
9017,十
9018,五
9019,零
9020,七
9021,万
9022,亿
9023,万
9024,七
9025,万
9026,四
9027,亿
9028,五
9029,五
9030,八
9031,二
9032,四
9033,亿
9034,零
9035,六
9036,四
9037,千
9038,九
9039,千
9040,二
9041,四
9042,六
9043,万
9044,千
9045,二
9046,七
9047,亿
9048,三
9049,十
9050,万
9051,三
9052,千
9053,零
9054,亿
9055,五
9056,九
9057,百
9058,万
9059,百
9060,六
9061,一
9062,四
9063,千
9064,五
9065,百
9066,六
9067,八
9068,二
9069,亿
9070,六
9071,八
9072,万
9073,二
9074,六
9075,八
9076,百
9077,百
9078,八
9079,六
9080,六
9081,百
9082,九
9083,一
9084,千
9085,十
9086,七
9087,亿
9088,五
9089,万
9090,亿
9091,七
9092,千
9093,十
9094,亿
9095,七
9096,八
9097,三
9098,零
9099,三
9100,十
9101,七
9102,百
9103,六
9104,九
9105,一
9106,十
9107,四
9108,六
9109,百
9110,八
9111,六
9112,十
9113,零
9114,五
9115,一
9116,五
9117,九
9118,百
9119,十
9120,八
9121,亿
9122,万
9123,七
9124,百
9125,百
9126,七
9127,万
9128,三
9129,九
9130,亿
9131,五
9132,三
9133,零
9134,二
9135,六
9136,八
9137,二
9138,九
9139,百
9140,百
9141,亿
9142,五
9143,千
9144,十
9145,二
9146,七
9147,九
9148,亿
9149,亿
9150,七
9151,八
9152,万
9153,九
9154,千
9155,千
9156,六
9157,万
9158,二
9159,五
9160,万
9161,一
9162,一
9163,十
9164,零
9165,千
9166,九
9167,九
9168,二
9169,一
9170,四
9171,四
9172,九
9173,一
9174,九
9175,四
9176,四
9177,七
9178,二
9179,一
9180,七
9181,四
9182,四
9183,八
9184,十
9185,九
9186,亿
9187,三
9188,零
9189,千
9190,亿
9191,九
9192,四
9193,千
9194,一
9195,八
9196,五
9197,百
9198,四
9199,五
9200,九
9201,零
9202,二
9203,六
9204,六
9205,零
9206,五
9207,四
9208,七
9209,八
9210,千
9211,万
9212,五
9213,百
9214,三
9215,六
9216,七
9217,二
9218,六
9219,六
9220,千
9221,九
9222,二
9223,二
9224,百
9225,千
9226,五
9227,二
9228,四
9229,三
9230,七
9231,四
9232,六
9233,六
9234,千
9235,六
9236,万
9237,万
9238,七
9239,二
9240,五
9241,万
9242,亿
9243,三
9244,十
9245,二
9246,千
9247,零
9248,千
9249,五
9250,八
9251,二
9252,二
9253,五
9254,二
9255,二
9256,万
9257,零
9258,二
9259,四
9260,二
9261,一
9262,五
9263,亿
9264,八
9265,一
9266,五
9267,九
9268,百
9269,零
9270,三
9271,一
9272,九
9273,一
9274,零
9275,亿
9276,五
9277,二
9278,百
9279,九
9280,六
9281,四
9282,九
9283,九
9284,亿
9285,三
9286,零
9287,十
9288,二
9289,万
9290,四
9291,二
9292,万
9293,八
9294,万
9295,零
9296,百
9297,百
9298,亿
9299,万
9300,万
9301,十
9302,四
9303,七
9304,亿
9305,亿
9306,百
9307,百
9308,一
9309,四
9310,千
9311,零
9312,亿
9313,万
9314,二
9315,十
9316,五
9317,零
9318,六
9319,五
9320,十
9321,八
9322,零
9323,一
9324,二
9325,千
9326,万
9327,三
9328,六
9329,三
9330,六
9331,亿
9332,四
9333,四
9334,七
9335,四
9336,一
9337,五
9338,二
9339,十
9340,八
9341,七
9342,零
9343,八
9344,三
9345,千
9346,百
9347,万
9348,九
9349,四
9350,二
9351,千
9352,零
9353,亿
9354,千
9355,百
9356,七
9357,三
9358,十
9359,十
9360,百
9361,九
9362,零
9363,亿
9364,六
9365,六
9366,百
9367,千
9368,九
9369,十
9370,零
9371,三
9372,七
9373,十
9374,亿
9375,零
9376,三
9377,二
9378,一
9379,五
9380,七
9381,七
9382,八
9383,亿
9384,万
9385,百
9386,五
9387,九
9388,三
9389,亿
9390,一
9391,八
9392,一
9393,八
9394,百
9395,百
9396,千
9397,二
9398,九
9399,六
9400,九
9401,百
9402,万
9403,千
9404,百
9405,九
9406,二
9407,六
9408,零
9409,十
9410,十
9411,十
9412,九
9413,十
9414,亿
9415,八
9416,一
9417,零
9418,八
9419,七
9420,二
9421,百
9422,九
9423,四
9424,七
9425,万
9426,五
9427,四
9428,九
9429,二
9430,十
9431,百
9432,二
9433,千
9434,五
9435,八
9436,四
9437,二
9438,八
9439,一
9440,一
9441,六
9442,万
9443,百
9444,万
9445,一
9446,百
9447,八
9448,二
9449,七
9450,零
9451,亿
9452,亿
9453,百
9454,四
9455,亿
9456,一
9457,零
9458,六
9459,一
9460,八
9461,九
9462,亿
9463,八
9464,六
9465,六
9466,八
9467,千
9468,六
9469,千
9470,三
9471,万
9472,四
9473,零
9474,一
9475,十
9476,万
9477,一
9478,八
9479,五
9480,十
9481,十
9482,万
9483,八
9484,五
9485,万
9486,五
9487,九
9488,万
9489,十
9490,三
9491,四
9492,十
9493,七
9494,万
9495,九
9496,三
9497,万
9498,八
9499,六
9500,万
9501,八
9502,亿
9503,十
9504,七
9505,九
9506,三
9507,六
9508,万
9509,万
9510,亿
9511,零
9512,七
9513,五
9514,七
9515,零
9516,十
9517,二
9518,亿
9519,四
9520,零
9521,三
9522,一
9523,六
9524,亿
9525,十
9526,亿
9527,万
9528,零
9529,零
9530,一
9531,万
9532,二
9533,九
9534,九
9535,零
9536,七
9537,七
9538,零
9539,九
9540,三
9541,万
9542,六
9543,六
9544,一
9545,亿
9546,九
9547,五
9548,百
9549,六
9550,三
9551,零
9552,八
9553,六
9554,千
9555,十
9556,二
9557,十
9558,九
9559,零
9560,九
9561,七
9562,万
9563,十
9564,亿
9565,二
9566,百
9567,四
9568,五
9569,三
9570,千
9571,百
9572,四
9573,三
9574,二
9575,九
9576,千
9577,九
9578,亿
9579,千
9580,零
9581,四
9582,零
9583,千
9584,二
9585,零
9586,七
9587,五
9588,千
9589,千
9590,零
9591,七
9592,三
9593,十
9594,十
9595,八
9596,六
9597,二
9598,九
9599,亿
9600,百
9601,八
9602,千
9603,五
9604,五
9605,零
9606,亿
9607,一
9608,十
9609,四
9610,百
9611,八
9612,六
9613,千
9614,五
9615,零
9616,四
9617,一
9618,十
9619,千
9620,六
9621,八
9622,十
9623,五
9624,七
9625,八
9626,一
9627,千
9628,五
9629,亿
9630,二
9631,一
9632,五
9633,三
9634,千
9635,四
9636,亿
9637,百
9638,七
9639,九
9640,亿
9641,十
9642,四
9643,二
9644,九
9645,四
9646,零
9647,三
9648,千
9649,六
9650,三
9651,十
9652,四
9653,千
9654,万
9655,八
9656,七
9657,一
9658,亿
9659,亿
9660,零
9661,三
9662,零
9663,十
9664,亿
9665,千
9666,一
9667,一
9668,百
9669,百
9670,零
9671,三
9672,一
9673,八
9674,五
9675,三
9676,百
9677,一
9678,七
9679,七
9680,九
9681,四
9682,万
9683,百
9684,七
9685,一
9686,三
9687,一
9688,十
9689,七
9690,零
9691,二
9692,四
9693,十
9694,百
9695,万
9696,二
9697,四
9698,七
9699,六
9700,二
9701,三
9702,一
9703,万
9704,万
9705,二
9706,三
9707,五
9708,十
9709,千
9710,千
9711,五
9712,五
9713,六
9714,百
9715,三
9716,百
9717,四
9718,千
9719,一
9720,八
9721,八
9722,六
9723,三
9724,十
9725,三
9726,万
9727,十
9728,六
9729,一
9730,五
9731,零
9732,万
9733,七
9734,一
9735,八
9736,四
9737,二
9738,四
9739,七
9740,七
9741,十
9742,一
9743,百
9744,四
9745,百
9746,八
9747,三
9748,九
9749,四
9750,千
9751,十
9752,五
9753,千
9754,三
9755,八
9756,八
9757,四
9758,八
9759,亿
9760,万
9761,六
9762,千
9763,万
9764,一
9765,九
9766,十
9767,五
9768,九
9769,十
9770,百
9771,五
9772,百
9773,零
9774,千
9775,千
9776,二
9777,三
9778,亿
9779,百
9780,二
9781,亿
9782,亿
9783,百
9784,零
9785,千
9786,三
9787,六
9788,零
9789,零
9790,二
9791,零
9792,十
9793,七
9794,七
9795,八
9796,八
9797,千
9798,亿
9799,九
9800,七
9801,十
9802,四
9803,一
9804,零
9805,千
9806,六
9807,八
9808,一
9809,一
9810,三
9811,七
9812,七
9813,三
9814,二
9815,零
9816,三
9817,十
9818,九
9819,十
9820,二
9821,六
9822,二
9823,五
9824,亿
9825,四
9826,七
9827,亿
9828,七
9829,九
9830,亿
9831,六
9832,三
9833,零
9834,六
9835,九
9836,亿
9837,零
9838,九
9839,万
9840,四
9841,七
9842,二
9843,七
9844,七
9845,七
9846,五
9847,百
9848,十
9849,亿
9850,六
9851,百
9852,五
9853,二
9854,六
9855,十
9856,一
9857,七
9858,九
9859,亿
9860,九
9861,万
9862,百
9863,万
9864,百
9865,六
9866,四
9867,二
9868,八
9869,八
9870,万
9871,万
9872,七
9873,亿
9874,万
9875,十
9876,六
9877,九
9878,四
9879,千
9880,四
9881,百
9882,百
9883,零
9884,九
9885,十
9886,二
9887,万
9888,千
9889,六
9890,三
9891,六
9892,十
9893,二
9894,五
9895,一
9896,二
9897,零
9898,百
9899,零
9900,万
9901,二
9902,百
9903,八
9904,六
9905,万
9906,八
9907,五
9908,零
9909,三
9910,亿
9911,七
9912,四
9913,八
9914,六
9915,四
9916,百
9917,六
9918,八
9919,三
9920,四
9921,三
9922,一
9923,九
9924,四
9925,三
9926,百
9927,九
9928,四
9929,百
9930,九
9931,六
9932,亿
9933,三
9934,十
9935,六
9936,百
9937,六
9938,亿
9939,万
9940,三
9941,一
9942,零
9943,九
9944,百
9945,千
9946,十
9947,十
9948,八
9949,三
9950,七
9951,六
9952,二
9953,亿
9954,七
9955,百
9956,六
9957,十
9958,七
9959,十
9960,千
9961,万
9962,万
9963,三
9964,六
9965,一
9966,九
9967,九
9968,六
9969,零
9970,十
9971,千
9972,六
9973,千
9974,八
9975,八
9976,八
9977,四
9978,五
9979,三
9980,八
9981,六
9982,零
9983,十
9984,亿
9985,九
9986,二
9987,零
9988,三
9989,亿
9990,二
9991,十
9992,九
9993,千
9994,八
9995,千
9996,亿
9997,八
9998,零
9999,八
10000,亿
10001,三
10002,三
10003,九
10004,四
10005,百
10006,六
10007,百
10008,四
10009,四
10010,九
10011,六
10012,千
10013,三
10014,百
10015,五
10016,三
10017,一
10018,十
10019,千
10020,二
10021,八
10022,二
10023,百
10024,八
10025,五
10026,六
10027,四
10028,零
10029,三
10030,七
10031,八
10032,七
10033,六
10034,四
10035,九
10036,十
10037,七
10038,万
10039,零
10040,八
10041,万
10042,千
10043,零
10044,九
10045,二
10046,万
10047,千
10048,九
10049,三
10050,零
10051,一
10052,百
10053,百
10054,万
10055,四
10056,四
10057,万
10058,九
10059,六
10060,三
10061,零
10062,七
10063,四
10064,一
10065,三
10066,一
10067,五
10068,六
10069,十
10070,亿
10071,亿
10072,七
10073,亿
10074,万
10075,六
10076,五
10077,一
10078,四
10079,四
10080,万
10081,亿
10082,十
10083,零
10084,万
10085,万
10086,亿
10087,十
10088,八
10089,万
10090,千
10091,八
10092,九
10093,九
10094,五
10095,三
10096,八
10097,千
10098,九
10099,七
10100,八
10101,三
10102,四
10103,五
10104,十
10105,九
10106,二
10107,亿
10108,一
10109,六
10110,四
10111,七
10112,一
10113,百
10114,三
10115,亿
10116,百
10117,千
10118,万
10119,十
10120,九
10121,九
10122,千
10123,万
10124,二
10125,亿
10126,八
10127,五
10128,十
10129,五
10130,二
10131,万
10132,百
10133,亿
10134,五
10135,七
10136,十
10137,三
10138,亿
10139,八
10140,七
10141,一
10142,万
10143,七
10144,百
10145,八
10146,六
10147,九
10148,千
10149,四
10150,七
10151,千
10152,一
10153,五
10154,七
10155,七
10156,七
10157,千
10158,六
10159,百
10160,八
10161,七
10162,三
10163,五
10164,亿
10165,一
10166,百
10167,千
10168,亿
10169,三
10170,四
10171,四
10172,千
10173,二
10174,十
10175,九
10176,千
10177,五
10178,五
10179,五
10180,一
10181,九
10182,二
10183,一
10184,千
10185,亿
10186,亿
10187,万
10188,三
10189,万
10190,四
10191,七
10192,百
10193,七
10194,零
10195,亿
10196,零
10197,千
10198,一
10199,十
10200,零
10201,万
10202,九
10203,七
10204,二
10205,十
10206,十
10207,七
10208,二
10209,六
10210,零
10211,七
10212,零
10213,三
10214,五
10215,六
10216,八
10217,七
10218,九
10219,七
10220,零
10221,百
10222,一
10223,千
10224,四
10225,百
10226,千
10227,九
10228,亿
10229,五
10230,零
10231,百
10232,五
10233,七
10234,百
10235,一
10236,五
10237,万
10238,八
10239,亿
10240,六
10241,万
10242,十
10243,三
10244,零
10245,零
10246,一
10247,二
10248,千
10249,百
10250,六
10251,二
10252,十
10253,三
10254,万
10255,百
10256,四
10257,三
10258,九
10259,三
10260,七
10261,十
10262,零
10263,亿
10264,一
10265,五
10266,亿
10267,一
10268,零
10269,八
10270,五
10271,三
10272,千
10273,二
10274,十
10275,六
10276,九
10277,十
10278,七
10279,六
10280,亿
10281,万
10282,万
10283,千
10284,八
10285,零
10286,七
10287,七
10288,亿
10289,六
10290,九
10291,百
10292,万
10293,万
10294,一
10295,三
10296,千
10297,百
10298,八
10299,五
10300,千
10301,二
10302,零
10303,六
10304,一
10305,四
10306,八
10307,五
10308,千
10309,万
10310,八
10311,十
10312,百
10313,万
10314,九
10315,万
10316,亿
10317,二
10318,五
10319,亿
10320,六
10321,三
10322,七
10323,一
10324,万
10325,零
10326,八
10327,零
10328,八
10329,十
10330,千
10331,五
10332,万
10333,九
10334,八
10335,三
10336,百
10337,一
10338,九
10339,八
10340,四
10341,千
10342,一
10343,四
10344,六
10345,二
10346,四
10347,一
10348,十
10349,七
10350,九
10351,百
10352,零
10353,百
10354,六
10355,九
10356,百
10357,千
10358,九
10359,二
10360,九
10361,八
10362,万
10363,七
10364,五
10365,二
10366,七
10367,八
10368,三
10369,一
10370,八
10371,二
10372,二
10373,十
10374,十
10375,零
10376,万
10377,七
10378,零
10379,十
10380,六
10381,万
10382,八
10383,万
10384,零
10385,四
10386,五
10387,千
10388,零
10389,九
10390,零
10391,亿
10392,百
10393,六
10394,二
10395,亿
10396,八
10397,百
10398,亿
10399,亿
10400,七
10401,七
10402,零
10403,万
10404,三
10405,万
10406,二
10407,九
10408,五
10409,八
10410,万
10411,百
10412,九
10413,五
10414,七
10415,三
10416,百
10417,百
10418,三
10419,五
10420,九
10421,四
10422,一
10423,一
10424,万
10425,五
10426,万
10427,千
10428,万
10429,九
10430,四
10431,十
10432,六
10433,二
10434,七
10435,二
10436,亿
10437,零
10438,亿
10439,四
10440,六
10441,亿
10442,亿
10443,千
10444,十
10445,一
10446,四
10447,万
10448,三
10449,千
10450,七
10451,十
10452,八
10453,七
10454,五
10455,四
10456,一
10457,千
10458,三
10459,九
10460,六
10461,零
10462,二
10463,八
10464,百
10465,七
10466,亿
10467,零
10468,七
10469,零
10470,八
10471,九
10472,零
10473,二
10474,百
10475,四
10476,千
10477,五
10478,百
10479,万
10480,亿
10481,八
10482,零
10483,十
10484,千
10485,万
10486,一
10487,亿
10488,三
10489,一
10490,三
10491,四
10492,六
10493,八
10494,零
10495,六
10496,一
10497,一
10498,二
10499,亿
10500,七
10501,零
10502,九
10503,二
10504,零
10505,五
10506,四
10507,千
10508,千
10509,四
10510,四
10511,零
10512,零
10513,九
10514,八
10515,亿
10516,八
10517,百
10518,百
10519,百
10520,一
10521,一
10522,三
10523,亿
10524,八
10525,五
10526,千
10527,万
10528,六
10529,万
10530,五
10531,百
10532,五
10533,百
10534,亿
10535,八
10536,亿
10537,百
10538,五
10539,亿
10540,六
10541,一
10542,六
10543,七
10544,七
10545,亿
10546,百
10547,七
10548,六
10549,零
10550,七
10551,四
10552,六
10553,二
10554,亿
10555,九
10556,零
10557,万
10558,五
10559,四
10560,万
10561,五
10562,亿
10563,百
10564,五
10565,千
10566,百
10567,四
10568,三
10569,百
10570,百
10571,六
10572,二
10573,千
10574,四
10575,一
10576,八
10577,六
10578,四
10579,五
10580,八
10581,五
10582,万
10583,零
10584,六
10585,零
10586,二
10587,百
10588,八
10589,千
10590,八
10591,九
10592,零
10593,二
10594,二
10595,千
10596,六
10597,四
10598,亿
10599,四
10600,八
10601,十
10602,四
10603,千
10604,千
10605,六
10606,五
10607,六
10608,万
10609,零
10610,二
10611,三
10612,十
10613,二
10614,三
10615,十
10616,八
10617,零
10618,百
10619,千
10620,五
10621,百
10622,三
10623,七
10624,四
10625,亿
10626,千
10627,千
10628,百
10629,亿
10630,十
10631,一
10632,零
10633,亿
10634,五
10635,百
10636,三
10637,万
10638,万
10639,四
10640,七
10641,零
10642,六
10643,五
10644,二
10645,八
10646,八
10647,百
10648,四
10649,千
10650,三
10651,四
10652,三
10653,一
10654,二
10655,千
10656,五
10657,亿
10658,五
10659,六
10660,二
10661,一
10662,六
10663,六
10664,千
10665,五
10666,八
10667,八
10668,一
10669,四
10670,九
10671,八
10672,二
10673,二
10674,十
10675,六
10676,十
10677,四
10678,二
10679,八
10680,五
10681,二
10682,六
10683,一
10684,万
10685,八
10686,千
10687,六
10688,零
10689,三
10690,六
10691,百
10692,三
10693,七
10694,十
10695,二
10696,一
10697,二
10698,四
10699,一
10700,四
10701,六
10702,七
10703,九
10704,八
10705,亿
10706,零
10707,千
10708,六
10709,一
10710,一
10711,零
10712,三
10713,零
10714,五
10715,千
10716,十
10717,六
10718,万
10719,四
10720,二
10721,十
10722,九
10723,亿
10724,一
10725,十
10726,一
10727,零
10728,万
10729,万
10730,亿
10731,一
10732,千
10733,万
10734,百
10735,七
10736,亿
10737,十
10738,八
10739,千
10740,八
10741,五
10742,一
10743,二
10744,零
10745,一
10746,四
10747,八
10748,三
10749,六
10750,二
10751,万
10752,三
10753,亿
10754,一
10755,万
10756,二
10757,百
10758,四
10759,一
10760,三
10761,万
10762,十
10763,百
10764,九
10765,三
10766,九
10767,百
10768,五
10769,八
10770,万
10771,一
10772,四
10773,一
10774,十
10775,六
10776,百
10777,零
10778,六
10779,五
10780,八
10781,百
10782,三
10783,万
10784,零
10785,二
10786,四
10787,八
10788,千
10789,五
10790,六
10791,七
10792,八
10793,亿
10794,零
10795,七
10796,百
10797,五
10798,五
10799,九
10800,四
10801,八
10802,亿
10803,零
10804,四
10805,六
10806,六
10807,四
10808,一
10809,八
10810,九
10811,亿
10812,千
10813,九
10814,六
10815,一
10816,二
10817,九
10818,二
10819,二
10820,二
10821,五
10822,十
10823,五
10824,百
10825,八
10826,七
10827,亿
10828,零
10829,九
10830,千
10831,百
10832,零
10833,亿
10834,七
10835,七
10836,八
10837,十
10838,四
10839,百
10840,千
10841,八
10842,四
10843,三
10844,五
10845,二
10846,三
10847,千
10848,六
10849,万
10850,三
10851,千
10852,八
10853,万
10854,三
10855,八
10856,零
10857,四
10858,三
10859,四
10860,七
10861,二
10862,千
10863,四
10864,五
10865,百
10866,二
10867,一
10868,百
10869,三
10870,百
10871,三
10872,亿
10873,六
10874,二
10875,零
10876,五
10877,二
10878,二
10879,六
10880,十
10881,二
10882,八
10883,三
10884,二
10885,一
10886,一
10887,六
10888,千
10889,八
10890,四
10891,十
10892,八
10893,一
10894,一
10895,亿
10896,九
10897,亿
10898,亿
10899,二
10900,二
10901,四
10902,七
10903,六
10904,八
10905,三
10906,一
10907,万
10908,九
10909,十
10910,八
10911,十
10912,二
10913,亿
10914,二
10915,零
10916,二
10917,零
10918,四
10919,百
10920,六
10921,六
10922,一
10923,千
10924,九
10925,三
10926,千
10927,二
10928,一
10929,二
10930,亿
10931,百
10932,八
10933,五
10934,五
10935,零
10936,六
10937,千
10938,亿
10939,十
10940,六
10941,三
10942,六
10943,零
10944,七
10945,三
10946,四
10947,一
10948,七
10949,八
10950,六
10951,千
10952,一
10953,九
10954,万
10955,万
10956,零
10957,一
10958,零
10959,十
10960,六
10961,亿
10962,零
10963,一
10964,零
10965,三
10966,三
10967,千
10968,三
10969,十
10970,九
10971,万
10972,零
10973,一
10974,六
10975,六
10976,七
10977,三
10978,六
10979,三
10980,千
10981,十
10982,零
10983,九
10984,五
10985,七
10986,十
10987,一
10988,亿
10989,三
10990,千
10991,六
10992,六
10993,四
10994,百
10995,万
10996,七
10997,零
10998,零
10999,零
11000,六
11001,五
11002,零
11003,七
11004,四
11005,千
11006,七
11007,万
11008,亿
11009,九
11010,七
11011,亿
11012,八
11013,三
11014,五
11015,四
11016,四
11017,万
11018,零
11019,万
11020,万
11021,八
11022,百
11023,九
11024,零
11025,亿
11026,二
11027,四
11028,四
11029,六
11030,三
11031,千
11032,百
11033,万
11034,万
11035,亿
11036,五
11037,七
11038,零
11039,十
11040,千
11041,六
11042,千
11043,八
11044,零
11045,二
11046,零
11047,万
11048,六
11049,万
11050,二
11051,亿
11052,四
11053,亿
11054,十
11055,十
11056,百
11057,二
11058,七
11059,百
11060,八
11061,零
11062,七
11063,百
11064,七
11065,亿
11066,八
11067,七
11068,零
11069,万
11070,五
11071,五
11072,六
11073,六
11074,零
11075,万
11076,亿
11077,千
11078,八
11079,九
11080,零
11081,三
11082,六
11083,三
11084,四
11085,三
11086,十
11087,五
11088,五
11089,三
11090,十
11091,千
11092,十
11093,八
11094,亿
11095,亿
11096,百
11097,十
11098,八
11099,八
11100,亿
11101,十
11102,三
11103,万
11104,八
11105,千
11106,一
11107,一
11108,十
11109,零
11110,九
11111,亿
11112,四
11113,四
11114,九
11115,一
11116,四
11117,四
11118,十
11119,一
11120,万
11121,二
11122,千
11123,九
11124,万
11125,万
11126,千
11127,亿
11128,六
11129,五
11130,一
11131,万
11132,亿
11133,二
11134,百
11135,六
11136,百
11137,二
11138,万
11139,亿
11140,十
11141,九
11142,一
11143,百
11144,万
11145,亿
11146,千
11147,七
11148,十
11149,五
11150,九
11151,二
11152,零
11153,三
11154,二
11155,五
11156,五
11157,二
11158,四
11159,十
11160,百
11161,五
11162,七
11163,十
11164,十
11165,千
11166,九
11167,万
11168,八
11169,亿
11170,六
11171,一
11172,三
11173,九
11174,百
11175,亿
11176,五
11177,三
11178,七
11179,亿
11180,二
11181,五
11182,六
11183,百
11184,十
11185,百
11186,亿
11187,亿
11188,万
11189,九
11190,三
11191,亿
11192,一
11193,六
11194,六
11195,七
11196,六
11197,十
11198,千
11199,八
11200,七
11201,十
11202,五
11203,九
11204,零
11205,千
11206,零
11207,六
11208,七
11209,五
11210,亿
11211,八
11212,五
11213,七
11214,三
11215,三
11216,二
11217,十
11218,八
11219,六
11220,六
11221,九
11222,六
11223,九
11224,八
11225,五
11226,九
11227,亿
11228,百
11229,五
11230,六
11231,四
11232,五
11233,一
11234,九
11235,十
11236,五
11237,四
11238,亿
11239,六
11240,三
11241,百
11242,四
11243,千
11244,一
11245,二
11246,九
11247,九
11248,八
11249,一
11250,百
11251,万
11252,十
11253,七
11254,九
11255,三
11256,五
11257,一
11258,一
11259,十
11260,四
11261,二
11262,六
11263,三
11264,零
11265,九
11266,九
11267,百
11268,千
11269,千
11270,十
11271,百
11272,五
11273,七
11274,九
11275,一
11276,四
11277,七
11278,七
11279,万
11280,四
11281,四
11282,八
11283,六
11284,亿
11285,三
11286,亿
11287,五
11288,一
11289,一
11290,九
11291,零
11292,千
11293,十
11294,六
11295,四
11296,零
11297,八
11298,九
11299,四
11300,九
11301,二
11302,千
11303,四
11304,六
11305,五
11306,亿
11307,五
11308,七
11309,一
11310,十
11311,千
11312,二
11313,零
11314,百
11315,二
11316,九
11317,四
11318,二
11319,八
11320,九
11321,八
11322,万
11323,亿
11324,七
11325,十
11326,六
11327,二
11328,三
11329,四
11330,十
11331,十
11332,十
11333,二
11334,一
11335,二
11336,亿
11337,一
11338,八
11339,九
11340,一
11341,万
11342,十
11343,五
11344,万
11345,四
11346,四
11347,百
11348,百
11349,六
11350,四
11351,零
11352,二
11353,零
11354,二
11355,亿
11356,万
11357,九
11358,十
11359,七
11360,十
11361,九
11362,三
11363,亿
11364,五
11365,三
11366,亿
11367,四
11368,九
11369,亿
11370,五
11371,四
11372,六
11373,亿
11374,六
11375,三
11376,十
11377,三
11378,七
11379,三
11380,五
11381,千
11382,九
11383,七
11384,千
11385,千
11386,千
11387,零
11388,二
11389,千
11390,万
11391,万
11392,万
11393,七
11394,四
11395,二
11396,七
11397,亿
11398,七
11399,一
11400,千
11401,七
11402,三
11403,九
11404,百
11405,九
11406,千
11407,五
11408,二
11409,七
11410,五
11411,四
11412,千
11413,一
11414,四
11415,八
11416,万
11417,二
11418,亿
11419,一
11420,二
11421,十
11422,九
11423,九
11424,亿
11425,十
11426,百
11427,十
11428,二
11429,千
11430,五
11431,二
11432,六
11433,万
11434,百
11435,五
11436,千
11437,零
11438,六
11439,一
11440,二
11441,万
11442,五
11443,百
11444,百
11445,二
11446,千
11447,六
11448,千
11449,五
11450,九
11451,七
11452,四
11453,六
11454,三
11455,十
11456,零
11457,九
11458,九
11459,一
11460,二
11461,二
11462,二
11463,八
11464,六
11465,一
11466,九
11467,亿
11468,二
11469,七
11470,三
11471,十
11472,八
11473,三
11474,五
11475,零
11476,万
11477,七
11478,九
11479,三
11480,一
11481,十
11482,六
11483,三
11484,八
11485,四
11486,百
11487,千
11488,十
11489,三
11490,九
11491,万
11492,亿
11493,十
11494,六
11495,三
11496,五
11497,五
11498,零
11499,万
11500,六
11501,千
11502,十
11503,三
11504,亿
11505,亿
11506,百
11507,万
11508,二
11509,百
11510,亿
11511,八
11512,二
11513,零
11514,九
11515,三
11516,五
11517,一
11518,千
11519,九
11520,亿
11521,九
11522,四
11523,万
11524,九
11525,四
11526,十
11527,六
11528,万
11529,三
11530,一
11531,五
11532,十
11533,四
11534,千
11535,亿
11536,六
11537,十
11538,万
11539,千
11540,百
11541,零
11542,百
11543,十
11544,万
11545,八
11546,万
11547,八
11548,四
11549,三
11550,五
11551,二
11552,二
11553,亿
11554,三
11555,亿
11556,七
11557,百
11558,千
11559,八
11560,三
11561,八
11562,万
11563,八
11564,一
11565,二
11566,一
11567,三
11568,零
11569,七
11570,百
11571,八
11572,十
11573,二
11574,七
11575,一
11576,一
11577,一
11578,一
11579,万
11580,零
11581,百
11582,五
11583,六
11584,一
11585,一
11586,八
11587,三
11588,亿
11589,亿
11590,七
11591,亿
11592,一
11593,八
11594,七
11595,三
11596,六
11597,七
11598,三
11599,三
11600,九
11601,四
11602,百
11603,一
11604,八
11605,千
11606,七
11607,亿
11608,二
11609,零
11610,二
11611,十
11612,十
11613,亿
11614,千
11615,百
11616,亿
11617,一
11618,零
11619,六
11620,六
11621,二
11622,十
11623,零
11624,四
11625,亿
11626,二
11627,百
11628,九
11629,亿
11630,万
11631,三
11632,千
11633,七
11634,十
11635,九
11636,亿
11637,一
11638,十
11639,零
11640,六
11641,四
11642,三
11643,千
11644,三
11645,四
11646,二
11647,千
11648,七
11649,千
11650,千
11651,亿
11652,亿
11653,七
11654,四
11655,六
11656,万
11657,四
11658,八
11659,三
11660,七
11661,十
11662,二
11663,亿
11664,二
11665,五
11666,万
11667,四
11668,千
11669,三
11670,八
11671,四
11672,零
11673,十
11674,七
11675,四
11676,万
11677,八
11678,五
11679,一
11680,九
11681,二
11682,五
11683,十
11684,四
11685,五
11686,四
11687,百
11688,四
11689,九
11690,一
11691,五
11692,九
11693,七
11694,百
11695,九
11696,万
11697,十
11698,亿
11699,万
11700,万
11701,十
11702,二
11703,七
11704,四
11705,九
11706,八
11707,亿
11708,零
11709,万
11710,百
11711,五
11712,二
11713,万
11714,一
11715,亿
11716,零
11717,亿
11718,五
11719,七
11720,万
11721,十
11722,五
11723,千
11724,十
11725,八
11726,四
11727,五
11728,零
11729,千
11730,七
11731,零
11732,六
11733,八
11734,七
11735,九
11736,万
11737,二
11738,万
11739,万
11740,九
11741,七
11742,千
11743,亿
11744,零
11745,亿
11746,九
11747,七
11748,一
11749,三
11750,一
11751,二
11752,七
11753,六
11754,四
11755,八
11756,一
11757,二
11758,百
11759,千
11760,二
11761,万
11762,零
11763,百
11764,四
11765,七
11766,万
11767,五
11768,一
11769,七
11770,一
11771,一
11772,九
11773,零
11774,七
11775,一
11776,八
11777,一
11778,三
11779,五
11780,亿
11781,十
11782,八
11783,四
11784,九
11785,百
11786,万
11787,七
11788,二
11789,四
11790,十
11791,亿
11792,三
11793,一
11794,二
11795,亿
11796,九
11797,十
11798,九
11799,零
11800,八
11801,亿
11802,十
11803,十
11804,十
11805,亿
11806,一
11807,九
11808,五
11809,百
11810,三
11811,百
11812,百
11813,二
11814,百
11815,万
11816,万
11817,七
11818,万
11819,万
11820,零
11821,千
11822,五
11823,千
11824,百
11825,一
11826,千
11827,九
11828,一
11829,七
11830,五
11831,千
11832,六
11833,百
11834,七
11835,二
11836,零
11837,五
11838,一
11839,一
11840,七
11841,零
11842,八
11843,千
11844,六
11845,十
11846,九
11847,四
11848,二
11849,万
11850,万
11851,十
11852,百
11853,亿
11854,九
11855,九
11856,零
11857,六
11858,百
11859,万
11860,九
11861,十
11862,亿
11863,百
11864,二
11865,六
11866,十
11867,九
11868,一
11869,二
11870,一
11871,五
11872,万
11873,百
11874,六
11875,万
11876,千
11877,二
11878,一
11879,二
11880,千
11881,七
11882,九
11883,千
11884,百
11885,零
11886,五
11887,六
11888,八
11889,八
11890,八
11891,十
11892,千
11893,九
11894,一
11895,十
11896,九
11897,二
11898,七
11899,十
11900,五
11901,十
11902,八
11903,万
11904,七
11905,五
11906,六
11907,四
11908,三
11909,十
11910,九
11911,八
11912,二
11913,六
11914,十
11915,亿
11916,五
11917,零
11918,五
11919,三
11920,五
11921,六
11922,九
11923,一
11924,六
11925,万
11926,八
11927,二
11928,百
11929,百
11930,一
11931,十
11932,万
11933,亿
11934,四
11935,九
11936,六
11937,十
11938,三
11939,二
11940,五
11941,零
11942,四
11943,七
11944,十
11945,七
11946,九
11947,七
11948,六
11949,七
11950,六
11951,九
11952,十
11953,十
11954,九
11955,一
11956,十
11957,二
11958,五
11959,六
11960,一
11961,八
11962,八
11963,八
11964,三
11965,百
11966,三
11967,三
11968,六
11969,一
11970,亿
11971,七
11972,七
11973,百
11974,四
11975,六
11976,零
11977,八
11978,亿
11979,五
11980,四
11981,八
11982,万
11983,七
11984,亿
11985,十
11986,百
11987,六
11988,亿
11989,十
11990,五
11991,亿
11992,二
11993,千
11994,一
11995,千
11996,四
11997,万
11998,亿
11999,十
